-- phpMyAdmin SQL Dump
-- version 5.0.2
-- https://www.phpmyadmin.net/
--
-- Host: 127.0.0.1:3306
-- Generation Time: Jun 02, 2024 at 03:59 PM
-- Server version: 5.7.31
-- PHP Version: 7.3.21

SET SQL_MODE = "NO_AUTO_VALUE_ON_ZERO";
START TRANSACTION;
SET time_zone = "+00:00";


/*!40101 SET @OLD_CHARACTER_SET_CLIENT=@@CHARACTER_SET_CLIENT */;
/*!40101 SET @OLD_CHARACTER_SET_RESULTS=@@CHARACTER_SET_RESULTS */;
/*!40101 SET @OLD_COLLATION_CONNECTION=@@COLLATION_CONNECTION */;
/*!40101 SET NAMES utf8mb4 */;

--
-- Database: `da`
--

-- --------------------------------------------------------

--
-- Table structure for table `classes`
--

DROP TABLE IF EXISTS `classes`;
CREATE TABLE IF NOT EXISTS `classes` (
  `id` bigint(20) UNSIGNED NOT NULL AUTO_INCREMENT,
  `name` varchar(255) COLLATE utf8mb4_unicode_ci NOT NULL,
  `created_at` timestamp NULL DEFAULT NULL,
  `updated_at` timestamp NULL DEFAULT NULL,
  PRIMARY KEY (`id`)
) ENGINE=InnoDB AUTO_INCREMENT=32 DEFAULT CHARSET=utf8mb4 COLLATE=utf8mb4_unicode_ci;

--
-- Dumping data for table `classes`
--

INSERT INTO `classes` (`id`, `name`, `created_at`, `updated_at`) VALUES
(1, '12DHTH01', '2022-01-14 19:38:41', '2022-01-14 22:39:42'),
(2, '12DHTH02', '2022-01-14 19:38:41', '2022-01-14 22:39:55'),
(3, '12DHTH03', '2022-01-14 19:38:41', '2022-01-14 22:40:08'),
(4, '12DHTH04', '2022-01-14 19:38:41', '2022-01-15 20:23:12'),
(5, '12DHTH05\r\n', '2022-01-14 19:38:41', '2022-01-15 20:23:20'),
(6, '12DHTH06', '2022-01-14 19:38:41', '2022-01-15 20:23:29'),
(7, '12DHTH07', '2022-01-14 19:38:41', '2022-01-15 20:23:41'),
(8, '12DHTH08', '2022-01-14 19:38:41', '2022-01-15 20:24:08'),
(9, '12DHTH09', '2024-05-11 06:27:24', '2024-05-11 06:27:24'),
(10, '12DHTH10', '2024-05-11 06:34:08', '2024-05-11 06:34:08'),
(11, '12DHTH11', '2024-05-11 06:34:08', '2024-05-11 06:34:08'),
(12, '12DHTH12', '2024-05-11 06:34:08', '2024-05-11 06:34:08'),
(13, '12DHTH13', '2024-05-11 06:34:08', '2024-05-11 06:34:08'),
(14, '12DHTH14', '2024-05-11 06:34:08', '2024-05-11 06:34:08'),
(15, '12DHTH15', '2024-05-11 06:34:08', '2024-05-11 06:34:08'),
(16, '12DHTH16', '2024-05-11 06:34:08', '2024-05-11 06:34:08'),
(17, '12DHTH17', '2024-05-11 06:34:08', '2024-05-11 06:34:08'),
(18, '12DHTH18', '2024-05-11 06:34:08', '2024-05-11 06:34:08'),
(19, '12DHTH19', '2024-05-11 06:34:08', '2024-05-11 06:34:08'),
(20, '12DHTH20', '2024-05-11 06:34:08', '2024-05-11 06:34:08'),
(21, '12DHTH21', '2024-05-11 06:34:08', '2024-05-11 06:34:08'),
(22, '12DHBM01', '2024-05-11 06:34:08', '2024-05-31 10:21:25'),
(23, '12DHBM02', '2024-05-11 06:34:08', '2024-05-31 10:21:36'),
(24, '12DHBM03', '2024-05-11 06:34:08', '2024-05-31 10:22:15'),
(25, '12DHBM04', '2024-05-11 06:34:08', '2024-05-31 10:22:22'),
(26, '12DHBM05', '2024-05-11 06:34:08', '2024-05-31 10:22:29'),
(27, '12DHBM06', '2024-05-11 06:34:08', '2024-05-31 10:22:37'),
(28, '12DHBM07', '2024-05-11 06:34:08', '2024-05-31 10:22:44'),
(29, '12DHBM08', '2024-05-11 06:34:08', '2024-05-31 10:22:53'),
(30, '12DHBM09', '2024-05-11 06:34:08', '2024-05-31 10:23:00'),
(31, '12DHQTDVLH02', '2024-05-19 10:52:14', '2024-05-31 10:21:56');

-- --------------------------------------------------------

--
-- Table structure for table `failed_jobs`
--

DROP TABLE IF EXISTS `failed_jobs`;
CREATE TABLE IF NOT EXISTS `failed_jobs` (
  `id` bigint(20) UNSIGNED NOT NULL AUTO_INCREMENT,
  `uuid` varchar(255) COLLATE utf8mb4_unicode_ci NOT NULL,
  `connection` text COLLATE utf8mb4_unicode_ci NOT NULL,
  `queue` text COLLATE utf8mb4_unicode_ci NOT NULL,
  `payload` longtext COLLATE utf8mb4_unicode_ci NOT NULL,
  `exception` longtext COLLATE utf8mb4_unicode_ci NOT NULL,
  `failed_at` timestamp NOT NULL DEFAULT CURRENT_TIMESTAMP,
  PRIMARY KEY (`id`),
  UNIQUE KEY `failed_jobs_uuid_unique` (`uuid`)
) ENGINE=InnoDB DEFAULT CHARSET=utf8mb4 COLLATE=utf8mb4_unicode_ci;

-- --------------------------------------------------------

--
-- Table structure for table `migrations`
--

DROP TABLE IF EXISTS `migrations`;
CREATE TABLE IF NOT EXISTS `migrations` (
  `id` int(10) UNSIGNED NOT NULL AUTO_INCREMENT,
  `migration` varchar(255) COLLATE utf8mb4_unicode_ci NOT NULL,
  `batch` int(11) NOT NULL,
  PRIMARY KEY (`id`)
) ENGINE=InnoDB AUTO_INCREMENT=242 DEFAULT CHARSET=utf8mb4 COLLATE=utf8mb4_unicode_ci;

--
-- Dumping data for table `migrations`
--

INSERT INTO `migrations` (`id`, `migration`, `batch`) VALUES
(231, '2014_10_12_000000_create_users_table', 1),
(232, '2014_10_12_100000_create_password_resets_table', 1),
(233, '2019_08_19_000000_create_failed_jobs_table', 1),
(234, '2019_12_14_000001_create_personal_access_tokens_table', 1),
(235, '2022_01_13_015525_create_subjects_table', 1),
(236, '2022_01_13_015542_create_teacher_profiles_table', 1),
(237, '2022_01_13_020203_create_classes_table', 1),
(238, '2022_01_13_020204_create_student_profiles_table', 1),
(239, '2022_01_13_090426_create_teacher_subject_table', 1),
(240, '2022_01_13_100112_create_scores_table', 1),
(241, '2022_01_14_143526_create_request_edit_score_table', 1);

-- --------------------------------------------------------

--
-- Table structure for table `password_resets`
--

DROP TABLE IF EXISTS `password_resets`;
CREATE TABLE IF NOT EXISTS `password_resets` (
  `email` varchar(255) COLLATE utf8mb4_unicode_ci NOT NULL,
  `token` varchar(255) COLLATE utf8mb4_unicode_ci NOT NULL,
  `created_at` timestamp NULL DEFAULT NULL,
  KEY `password_resets_email_index` (`email`)
) ENGINE=InnoDB DEFAULT CHARSET=utf8mb4 COLLATE=utf8mb4_unicode_ci;

-- --------------------------------------------------------

--
-- Table structure for table `personal_access_tokens`
--

DROP TABLE IF EXISTS `personal_access_tokens`;
CREATE TABLE IF NOT EXISTS `personal_access_tokens` (
  `id` bigint(20) UNSIGNED NOT NULL AUTO_INCREMENT,
  `tokenable_type` varchar(255) COLLATE utf8mb4_unicode_ci NOT NULL,
  `tokenable_id` bigint(20) UNSIGNED NOT NULL,
  `name` varchar(255) COLLATE utf8mb4_unicode_ci NOT NULL,
  `token` varchar(64) COLLATE utf8mb4_unicode_ci NOT NULL,
  `abilities` text COLLATE utf8mb4_unicode_ci,
  `last_used_at` timestamp NULL DEFAULT NULL,
  `created_at` timestamp NULL DEFAULT NULL,
  `updated_at` timestamp NULL DEFAULT NULL,
  PRIMARY KEY (`id`),
  UNIQUE KEY `personal_access_tokens_token_unique` (`token`),
  KEY `personal_access_tokens_tokenable_type_tokenable_id_index` (`tokenable_type`,`tokenable_id`)
) ENGINE=InnoDB DEFAULT CHARSET=utf8mb4 COLLATE=utf8mb4_unicode_ci;

-- --------------------------------------------------------

--
-- Table structure for table `request_edit_score`
--

DROP TABLE IF EXISTS `request_edit_score`;
CREATE TABLE IF NOT EXISTS `request_edit_score` (
  `id` bigint(20) UNSIGNED NOT NULL AUTO_INCREMENT,
  `score_id` bigint(20) UNSIGNED NOT NULL,
  `message` varchar(255) COLLATE utf8mb4_unicode_ci NOT NULL,
  `created_at` timestamp NULL DEFAULT NULL,
  `updated_at` timestamp NULL DEFAULT NULL,
  PRIMARY KEY (`id`),
  KEY `request_edit_score_score_id_foreign` (`score_id`)
) ENGINE=InnoDB AUTO_INCREMENT=2 DEFAULT CHARSET=utf8mb4 COLLATE=utf8mb4_unicode_ci;

--
-- Dumping data for table `request_edit_score`
--

INSERT INTO `request_edit_score` (`id`, `score_id`, `message`, `created_at`, `updated_at`) VALUES
(1, 64, 'Em thấy điểm đó đối với em chưa đủ với công sức em bỏ ra. Mong thầy cô xem xét ạ', '2024-06-02 07:51:15', '2024-06-02 07:51:15');

-- --------------------------------------------------------

--
-- Table structure for table `scores`
--

DROP TABLE IF EXISTS `scores`;
CREATE TABLE IF NOT EXISTS `scores` (
  `id` bigint(20) UNSIGNED NOT NULL AUTO_INCREMENT,
  `student_id` bigint(20) UNSIGNED NOT NULL,
  `subject_id` bigint(20) UNSIGNED NOT NULL,
  `tp1` double(8,2) UNSIGNED NOT NULL,
  `tp2` double(8,2) UNSIGNED DEFAULT NULL,
  `qt` double(8,2) UNSIGNED DEFAULT NULL,
  `ck` double(8,2) UNSIGNED DEFAULT NULL,
  `tk` double(8,2) UNSIGNED DEFAULT NULL,
  `created_at` timestamp NULL DEFAULT NULL,
  `updated_at` timestamp NULL DEFAULT NULL,
  PRIMARY KEY (`id`),
  UNIQUE KEY `scores_student_id_subject_id_unique` (`student_id`,`subject_id`),
  KEY `scores_subject_id_foreign` (`subject_id`)
) ENGINE=InnoDB AUTO_INCREMENT=236 DEFAULT CHARSET=utf8mb4 COLLATE=utf8mb4_unicode_ci;

--
-- Dumping data for table `scores`
--

INSERT INTO `scores` (`id`, `student_id`, `subject_id`, `tp1`, `tp2`, `qt`, `ck`, `tk`, `created_at`, `updated_at`) VALUES
(52, 11, 1, 7.00, 7.00, 7.00, 7.00, 7.00, '2024-05-22 03:29:54', '2024-05-22 03:29:54'),
(53, 11, 2, 7.00, 7.00, 7.00, 7.00, 7.00, '2024-05-22 03:30:05', '2024-05-22 03:30:05'),
(56, 11, 3, 7.00, 8.00, 9.00, 10.00, 8.80, '2024-05-22 03:30:42', '2024-05-22 03:30:42'),
(57, 11, 4, 7.00, 7.00, 7.00, 7.00, 7.00, '2024-05-22 03:30:57', '2024-05-22 03:30:57'),
(59, 11, 5, 7.00, 7.00, 7.00, 7.00, 7.00, '2024-05-22 03:31:12', '2024-05-22 03:31:12'),
(61, 11, 6, 7.00, 7.00, 7.00, 7.00, 7.00, '2024-05-22 03:31:26', '2024-05-22 03:31:26'),
(62, 11, 9, 7.00, 7.00, 7.00, 7.00, 7.00, '2024-05-22 03:31:37', '2024-05-22 03:31:37'),
(63, 11, 10, 6.00, 6.00, 6.00, 6.00, 6.00, '2024-05-22 03:31:54', '2024-05-22 03:31:54'),
(64, 11, 11, 6.00, 6.00, 6.00, 6.00, 6.00, '2024-05-22 03:32:10', '2024-05-22 03:32:10'),
(65, 11, 12, 7.00, 7.00, 7.00, 7.80, 7.32, '2024-05-22 03:32:28', '2024-05-22 03:32:28'),
(67, 11, 13, 8.00, 7.00, 6.00, 7.00, 7.00, '2024-05-22 03:32:51', '2024-05-22 03:32:51'),
(68, 11, 14, 7.00, 7.00, 7.00, 7.00, 7.00, '2024-05-22 03:33:03', '2024-05-22 03:33:03'),
(69, 12, 1, 7.00, 7.00, 7.00, 7.00, 7.00, '2024-05-22 03:36:37', '2024-05-22 03:36:37'),
(70, 12, 2, 7.00, 7.00, 7.00, 7.00, 7.00, '2024-05-22 03:36:49', '2024-05-22 03:36:49'),
(71, 12, 3, 7.00, 7.00, 7.00, 7.00, 7.00, '2024-05-22 03:37:00', '2024-05-22 03:37:00'),
(72, 12, 4, 5.00, 6.00, 7.00, 9.00, 7.20, '2024-05-22 03:37:34', '2024-05-22 03:41:30'),
(74, 12, 5, 7.00, 7.00, 7.00, 7.00, 7.00, '2024-05-22 03:37:49', '2024-05-22 03:37:49'),
(76, 12, 6, 7.00, 7.00, 7.00, 7.00, 7.00, '2024-05-22 03:38:04', '2024-05-22 03:38:04'),
(77, 12, 9, 7.00, 7.00, 7.00, 7.00, 7.00, '2024-05-22 03:38:26', '2024-05-22 03:38:26'),
(78, 12, 10, 7.00, 7.00, 7.00, 7.00, 7.00, '2024-05-22 03:38:41', '2024-05-22 03:38:41'),
(80, 12, 11, 7.00, 7.00, 7.00, 7.00, 7.00, '2024-05-22 03:40:20', '2024-05-22 03:40:20'),
(81, 12, 12, 7.00, 7.00, 7.00, 7.00, 7.00, '2024-05-22 03:40:34', '2024-05-22 03:40:34'),
(82, 12, 14, 7.00, 7.00, 7.00, 7.00, 7.00, '2024-05-22 03:40:49', '2024-05-26 06:52:00'),
(83, 12, 17, 7.00, 7.00, 7.00, 7.00, 7.00, '2024-05-22 03:40:58', '2024-05-26 06:51:29'),
(139, 11, 15, 7.00, 7.00, 7.00, 7.00, 7.00, '2024-05-26 06:48:19', '2024-05-26 06:48:19'),
(140, 11, 16, 7.00, 7.00, 7.00, 7.00, 7.00, '2024-05-26 06:48:23', '2024-05-26 06:48:23'),
(141, 11, 17, 7.00, 7.00, 7.00, 7.00, 7.00, '2024-05-26 06:48:26', '2024-05-26 06:48:26'),
(142, 11, 18, 7.00, 7.00, 7.00, 7.00, 7.00, '2024-05-26 06:48:29', '2024-05-26 06:48:29'),
(143, 11, 19, 7.00, 7.00, 7.00, 7.00, 7.00, '2024-05-26 06:48:33', '2024-05-26 06:48:33'),
(144, 11, 20, 7.00, 7.00, 7.00, 7.00, 7.00, '2024-05-26 06:48:36', '2024-05-26 06:48:36'),
(145, 11, 21, 7.00, 7.00, 7.00, 7.00, 7.00, '2024-05-26 06:48:39', '2024-05-26 06:48:39'),
(146, 11, 22, 7.00, 7.00, 7.00, 7.00, 7.00, '2024-05-26 06:48:42', '2024-05-26 06:48:42'),
(147, 11, 23, 7.00, 7.00, 7.00, 7.00, 7.00, '2024-05-26 06:48:46', '2024-05-26 06:48:46'),
(148, 11, 24, 7.00, 7.00, 7.00, 7.00, 7.00, '2024-05-26 06:48:49', '2024-05-26 06:48:49'),
(149, 11, 25, 7.00, 7.00, 7.00, 7.00, 7.00, '2024-05-26 06:48:53', '2024-05-26 06:48:53'),
(151, 11, 26, 7.00, 7.00, 7.00, 7.00, 7.00, '2024-05-26 06:49:04', '2024-05-26 06:49:04'),
(152, 11, 27, 7.00, 7.00, 7.00, 7.00, 7.00, '2024-05-26 06:49:08', '2024-05-26 06:49:08'),
(153, 11, 28, 7.00, 7.00, 7.00, 7.00, 7.00, '2024-05-26 06:49:11', '2024-05-26 06:49:11'),
(154, 11, 29, 7.00, 7.00, 7.00, 7.00, 7.00, '2024-05-26 06:49:14', '2024-05-26 06:49:14'),
(155, 11, 30, 7.00, 7.00, 7.00, 7.00, 7.00, '2024-05-26 06:49:17', '2024-05-26 06:49:17'),
(156, 11, 31, 7.00, 7.00, 7.00, 7.00, 7.00, '2024-05-26 06:49:28', '2024-05-26 06:49:28'),
(157, 11, 32, 7.00, 7.00, 7.00, 7.00, 7.00, '2024-05-26 06:49:31', '2024-05-26 06:49:31'),
(158, 11, 33, 7.00, 7.00, 7.00, 7.00, 7.00, '2024-05-26 06:49:35', '2024-05-26 06:49:35'),
(159, 11, 34, 7.00, 7.00, 7.00, 7.00, 7.00, '2024-05-26 06:49:37', '2024-05-26 06:49:37'),
(160, 11, 35, 7.00, 7.00, 7.00, 7.00, 7.00, '2024-05-26 06:49:41', '2024-05-26 06:49:41'),
(161, 11, 36, 7.00, 7.00, 7.00, 7.00, 7.00, '2024-05-26 06:49:44', '2024-05-26 06:49:44'),
(162, 11, 37, 7.00, 7.00, 7.00, 7.00, 7.00, '2024-05-26 06:49:47', '2024-05-26 06:49:47'),
(163, 11, 38, 7.00, 7.00, 7.00, 7.00, 7.00, '2024-05-26 06:49:50', '2024-05-26 06:49:50'),
(164, 11, 39, 7.00, 7.00, 7.00, 7.00, 7.00, '2024-05-26 06:49:54', '2024-05-26 06:49:54'),
(165, 11, 40, 7.00, 7.00, 7.00, 7.00, 7.00, '2024-05-26 06:49:57', '2024-05-26 06:49:57'),
(166, 11, 41, 7.00, 7.00, 7.00, 7.00, 7.00, '2024-05-26 06:50:00', '2024-05-26 06:50:00'),
(167, 11, 42, 7.00, 7.00, 7.00, 7.00, 7.00, '2024-05-26 06:50:03', '2024-05-26 06:50:03'),
(168, 11, 43, 7.00, 7.00, 7.00, 7.00, 7.00, '2024-05-26 06:50:06', '2024-05-26 06:50:06'),
(169, 11, 44, 7.00, 7.00, 7.00, 7.00, 7.00, '2024-05-26 06:50:09', '2024-05-26 06:50:09'),
(170, 11, 45, 7.00, 7.00, 7.00, 7.00, 7.00, '2024-05-26 06:50:13', '2024-05-26 06:50:13'),
(171, 11, 46, 7.00, 7.00, 7.00, 7.00, 7.00, '2024-05-26 06:50:16', '2024-05-26 06:50:16'),
(172, 11, 47, 7.00, 7.00, 7.00, 7.00, 7.00, '2024-05-26 06:50:19', '2024-05-26 06:50:19'),
(173, 11, 48, 7.00, 7.00, 7.00, 7.00, 7.00, '2024-05-26 06:50:22', '2024-05-26 06:50:22'),
(174, 11, 49, 7.00, 7.00, 7.00, 7.00, 7.00, '2024-05-26 06:50:26', '2024-05-26 06:50:26'),
(175, 11, 50, 7.00, 7.00, 7.00, 7.00, 7.00, '2024-05-26 06:50:29', '2024-05-26 06:50:29'),
(176, 11, 51, 7.00, 7.00, 7.00, 7.00, 7.00, '2024-05-26 06:50:32', '2024-05-26 06:50:32'),
(177, 11, 52, 7.00, 7.00, 7.00, 7.00, 7.00, '2024-05-26 06:50:35', '2024-05-26 06:50:35'),
(178, 11, 53, 7.00, 7.00, 7.00, 7.00, 7.00, '2024-05-26 06:50:38', '2024-05-26 06:50:38'),
(179, 11, 54, 7.00, 7.00, 7.00, 7.00, 7.00, '2024-05-26 06:50:41', '2024-05-26 06:50:41'),
(180, 11, 55, 7.00, 7.00, 7.00, 7.00, 7.00, '2024-05-26 06:50:44', '2024-05-26 06:50:44'),
(181, 11, 56, 7.00, 7.00, 7.00, 7.00, 7.00, '2024-05-26 06:50:48', '2024-05-26 06:50:48'),
(182, 11, 57, 7.00, 7.00, 7.00, 7.00, 7.00, '2024-05-26 06:50:51', '2024-05-26 06:50:51'),
(188, 12, 13, 7.00, 7.00, 7.00, 7.00, 7.00, '2024-05-26 06:52:35', '2024-05-26 06:52:35'),
(190, 12, 15, 7.00, 7.00, 7.00, 7.00, 7.00, '2024-05-26 06:52:43', '2024-05-26 06:52:43'),
(191, 12, 16, 7.00, 7.00, 7.00, 7.00, 7.00, '2024-05-26 06:52:46', '2024-05-26 06:52:46'),
(193, 12, 18, 7.00, 7.00, 7.00, 7.00, 7.00, '2024-05-26 06:52:54', '2024-05-26 06:52:54'),
(194, 12, 19, 7.00, 7.00, 7.00, 7.00, 7.00, '2024-05-26 06:52:57', '2024-05-26 06:52:57'),
(195, 12, 20, 7.00, 7.00, 7.00, 7.00, 7.00, '2024-05-26 06:53:01', '2024-05-26 06:53:01'),
(199, 12, 21, 7.00, 7.00, 7.00, 7.00, 7.00, '2024-05-26 06:53:19', '2024-05-26 06:53:19'),
(200, 12, 22, 7.00, 7.00, 7.00, 7.00, 7.00, '2024-05-26 06:53:22', '2024-05-26 06:53:22'),
(201, 12, 23, 7.00, 7.00, 7.00, 7.00, 7.00, '2024-05-26 06:53:25', '2024-05-26 06:53:25'),
(202, 12, 24, 7.00, 7.00, 7.00, 7.00, 7.00, '2024-05-26 06:53:28', '2024-05-26 06:53:28'),
(203, 12, 25, 7.00, 7.00, 7.00, 7.00, 7.00, '2024-05-26 06:53:32', '2024-05-26 06:53:32'),
(204, 12, 26, 7.00, 7.00, 7.00, 7.00, 7.00, '2024-05-26 06:53:35', '2024-05-26 06:53:35'),
(205, 12, 27, 7.00, 7.00, 7.00, 7.00, 7.00, '2024-05-26 06:53:39', '2024-05-26 06:53:39'),
(206, 12, 28, 7.00, 7.00, 7.00, 7.00, 7.00, '2024-05-26 06:53:44', '2024-05-26 06:53:44'),
(207, 12, 29, 7.00, 7.00, 7.00, 7.00, 7.00, '2024-05-26 06:53:55', '2024-05-26 06:53:55'),
(208, 12, 30, 7.00, 7.00, 7.00, 7.00, 7.00, '2024-05-26 06:53:58', '2024-05-26 06:53:58'),
(209, 12, 31, 7.00, 7.00, 7.00, 7.00, 7.00, '2024-05-26 06:54:02', '2024-05-26 06:54:02'),
(210, 12, 32, 7.00, 7.00, 7.00, 7.00, 7.00, '2024-05-26 06:54:05', '2024-05-26 06:54:05'),
(211, 12, 33, 7.00, 7.00, 7.00, 7.00, 7.00, '2024-05-26 06:54:08', '2024-05-26 06:54:08'),
(212, 12, 34, 7.00, 7.00, 7.00, 7.00, 7.00, '2024-05-26 06:54:11', '2024-05-26 06:54:11'),
(213, 12, 35, 7.00, 7.00, 7.00, 7.00, 7.00, '2024-05-26 06:54:15', '2024-05-26 06:54:15'),
(214, 12, 36, 7.00, 7.00, 7.00, 7.00, 7.00, '2024-05-26 06:54:19', '2024-05-26 06:54:19'),
(215, 12, 37, 7.00, 7.00, 7.00, 7.00, 7.00, '2024-05-26 06:54:22', '2024-05-26 06:54:22'),
(216, 12, 38, 7.00, 7.00, 7.00, 7.00, 7.00, '2024-05-26 06:54:26', '2024-05-26 06:54:26'),
(217, 12, 39, 7.00, 7.00, 7.00, 7.00, 7.00, '2024-05-26 06:54:31', '2024-05-26 06:54:31'),
(218, 12, 40, 7.00, 7.00, 7.00, 7.00, 7.00, '2024-05-26 06:54:34', '2024-05-26 06:54:34'),
(219, 12, 41, 7.00, 7.00, 7.00, 7.00, 7.00, '2024-05-26 06:54:37', '2024-05-26 06:54:37'),
(220, 12, 42, 7.00, 7.00, 7.00, 7.00, 7.00, '2024-05-26 06:54:41', '2024-05-26 06:54:41'),
(221, 12, 43, 7.00, 7.00, 7.00, 7.00, 7.00, '2024-05-26 06:54:46', '2024-05-26 06:54:46'),
(222, 12, 44, 7.00, 7.00, 7.00, 7.00, 7.00, '2024-05-26 06:54:49', '2024-05-26 06:54:49'),
(223, 12, 45, 7.00, 7.00, 7.00, 7.00, 7.00, '2024-05-26 06:54:52', '2024-05-26 06:54:52'),
(224, 12, 46, 7.00, 7.00, 7.00, 7.00, 7.00, '2024-05-26 06:54:56', '2024-05-26 06:54:56'),
(225, 12, 47, 7.00, 7.00, 7.00, 7.00, 7.00, '2024-05-26 06:54:59', '2024-05-26 06:54:59'),
(226, 12, 48, 7.00, 7.00, 7.00, 7.00, 7.00, '2024-05-26 06:55:04', '2024-05-26 06:55:04'),
(227, 12, 49, 7.00, 7.00, 7.00, 7.00, 7.00, '2024-05-26 06:55:08', '2024-05-26 06:55:08'),
(228, 12, 50, 7.00, 7.00, 7.00, 7.00, 7.00, '2024-05-26 06:55:11', '2024-05-26 06:55:11'),
(229, 12, 51, 7.00, 7.00, 7.00, 7.00, 7.00, '2024-05-26 06:55:14', '2024-05-26 06:55:14'),
(230, 12, 52, 7.00, 7.00, 7.00, 7.00, 7.00, '2024-05-26 06:55:16', '2024-05-26 06:55:16'),
(231, 12, 53, 7.00, 7.00, 7.00, 7.00, 7.00, '2024-05-26 06:55:19', '2024-05-26 06:55:19'),
(232, 12, 54, 7.00, 7.00, 7.00, 7.00, 7.00, '2024-05-26 06:55:22', '2024-05-26 06:55:22'),
(233, 12, 55, 7.00, 7.00, 7.00, 7.00, 7.00, '2024-05-26 06:55:25', '2024-05-26 06:55:25'),
(234, 12, 56, 7.00, 7.00, 7.00, 7.00, 7.00, '2024-05-26 06:55:28', '2024-05-26 06:55:28'),
(235, 12, 57, 7.00, 7.00, 7.00, 7.00, 7.00, '2024-05-26 06:55:31', '2024-05-26 06:55:31');

--
-- Triggers `scores`
--
DROP TRIGGER IF EXISTS `calculate_total_score_before_insert`;
DELIMITER $$
CREATE TRIGGER `calculate_total_score_before_insert` BEFORE INSERT ON `scores` FOR EACH ROW BEGIN
  SET NEW.tk = (0.2 * NEW.tp1) +
               (0.2 * COALESCE(NEW.tp2, 0)) +
               (0.2 * COALESCE(NEW.qt, 0)) +
               (0.4 * COALESCE(NEW.ck, 0));
END
$$
DELIMITER ;
DROP TRIGGER IF EXISTS `calculate_total_score_before_update`;
DELIMITER $$
CREATE TRIGGER `calculate_total_score_before_update` BEFORE UPDATE ON `scores` FOR EACH ROW BEGIN
  SET NEW.tk = (0.2 * NEW.tp1) +
               (0.2 * COALESCE(NEW.tp2, 0)) +
               (0.2 * COALESCE(NEW.qt, 0)) +
               (0.4 * COALESCE(NEW.ck, 0));
END
$$
DELIMITER ;

-- --------------------------------------------------------

--
-- Table structure for table `student_profiles`
--

DROP TABLE IF EXISTS `student_profiles`;
CREATE TABLE IF NOT EXISTS `student_profiles` (
  `id` bigint(20) UNSIGNED NOT NULL AUTO_INCREMENT,
  `dob` datetime NOT NULL,
  `code` varchar(255) COLLATE utf8mb4_unicode_ci NOT NULL,
  `class_id` bigint(20) UNSIGNED NOT NULL,
  `created_at` timestamp NULL DEFAULT NULL,
  `updated_at` timestamp NULL DEFAULT NULL,
  PRIMARY KEY (`id`),
  KEY `student_profiles_class_id_foreign` (`class_id`)
) ENGINE=InnoDB AUTO_INCREMENT=170 DEFAULT CHARSET=utf8mb4 COLLATE=utf8mb4_unicode_ci;

--
-- Dumping data for table `student_profiles`
--

INSERT INTO `student_profiles` (`id`, `dob`, `code`, `class_id`, `created_at`, `updated_at`) VALUES
(11, '2003-09-23 00:00:00', '2001216097', 11, '2022-01-17 18:25:11', '2024-05-24 06:50:27'),
(12, '2003-03-22 00:00:00', '2001210779', 10, '2022-01-17 18:25:55', '2024-05-24 06:50:31'),
(13, '2003-11-05 00:00:00', '2023114565', 8, '2022-01-17 18:26:41', '2024-05-12 07:42:13'),
(14, '2003-10-01 00:00:00', '2001211256', 4, '2022-01-17 18:27:51', '2024-05-12 07:42:40'),
(16, '2003-06-10 00:00:00', '2001123412', 1, '2022-01-17 18:28:54', '2024-05-12 07:40:30'),
(27, '2003-07-01 00:00:00', '2031810312', 1, '2022-01-17 18:38:09', '2024-05-12 07:41:46'),
(28, '2003-09-17 00:00:00', '2031810452', 24, '2022-01-17 18:39:04', '2024-05-19 10:55:05'),
(29, '2003-11-18 00:00:00', '2341810521', 7, '2022-01-17 18:40:06', '2024-05-12 07:43:57'),
(30, '2003-02-12 00:00:00', '2031810256', 8, '2022-01-17 18:40:50', '2024-05-12 07:55:22'),
(35, '2003-11-11 00:00:00', '2001216709', 8, '2022-01-17 18:42:53', '2024-05-18 00:59:41'),
(40, '2003-02-04 00:00:00', '2001216669', 16, '2022-01-17 18:45:06', '2024-05-18 00:59:58'),
(41, '2003-12-08 00:00:00', '2001609841', 10, '2022-01-17 18:45:51', '2024-05-18 00:59:11'),
(42, '2003-02-06 00:00:00', '2001213454', 4, '2022-01-17 18:46:49', '2024-05-18 01:00:05'),
(47, '2003-12-03 00:00:00', '2001214509', 1, '2022-01-17 18:50:27', '2024-05-18 00:04:39'),
(48, '2003-09-09 00:00:00', '2001216002', 4, '2022-01-17 18:51:10', '2024-05-18 00:05:49'),
(49, '2003-08-11 00:00:00', '2001216076', 17, '2022-01-17 18:51:46', '2024-05-18 00:06:57'),
(50, '2003-11-08 00:00:00', '2001215789', 3, '2022-01-17 18:52:33', '2024-05-18 00:07:57'),
(51, '2003-03-12 00:00:00', '2001216091', 22, '2022-01-17 18:53:53', '2024-05-19 10:54:52'),
(60, '2003-09-11 00:00:00', '2001211234', 4, '2022-01-17 18:57:28', '2024-05-18 00:10:39'),
(61, '2003-02-09 00:00:00', '2001697989', 5, '2022-01-17 18:58:20', '2024-05-18 00:58:46'),
(78, '2003-09-12 00:00:00', '2001216578', 10, '2022-01-17 19:27:33', '2024-05-18 00:12:25'),
(79, '2003-07-09 00:00:00', '2001215678', 9, '2022-01-17 19:28:06', '2024-05-18 00:13:13'),
(86, '2003-03-12 00:00:00', '2001216079', 29, '2022-01-17 19:30:47', '2024-05-19 10:54:35'),
(87, '2003-12-01 00:00:00', '2001216012', 17, '2022-01-17 19:31:32', '2024-05-18 00:16:46'),
(93, '2003-04-04 00:00:00', '2001341291', 15, '2022-01-17 19:33:55', '2024-05-18 00:58:38'),
(100, '2003-04-12 00:00:00', '2001217021', 6, '2022-01-17 19:49:10', '2024-05-18 00:18:03'),
(101, '2003-09-01 00:00:00', '2001212134', 20, '2022-01-17 19:49:50', '2024-05-18 00:18:51'),
(102, '2003-11-01 00:00:00', '2001218067', 4, '2022-01-17 19:51:00', '2024-05-18 00:19:42'),
(103, '2003-12-03 00:00:00', '2001569011', 2, '2022-01-17 19:51:25', '2024-05-18 00:20:40'),
(114, '2003-08-01 00:00:00', '2001213411', 11, '2022-01-17 19:57:38', '2024-05-18 00:21:14'),
(115, '2003-11-05 00:00:00', '2001217098', 16, '2022-01-17 19:58:34', '2024-05-18 00:21:53'),
(116, '2003-09-09 00:00:00', '2001214567', 11, '2022-01-17 19:59:30', '2024-05-18 00:22:28'),
(123, '2003-12-06 00:00:00', '2001212190', 18, '2022-01-17 20:01:31', '2024-05-18 00:23:18'),
(124, '2003-09-01 00:00:00', '2001216011', 21, '2022-01-17 20:02:13', '2024-05-18 00:24:01'),
(125, '2003-11-03 00:00:00', '2001215567', 1, '2022-01-17 20:02:50', '2024-05-18 00:24:57'),
(127, '2003-11-06 00:00:00', '2001214500', 16, '2022-01-17 20:03:39', '2024-05-18 00:26:27'),
(132, '2003-04-02 00:00:00', '2001215610', 11, '2022-01-17 20:05:09', '2024-05-18 00:28:30'),
(133, '2003-01-12 00:00:00', '2001216723', 9, '2022-01-17 20:05:53', '2024-05-18 00:29:31'),
(134, '2003-09-01 00:00:00', '2001213499', 6, '2022-01-17 20:06:39', '2024-05-18 00:30:17'),
(135, '2003-11-01 00:00:00', '2001215555', 3, '2022-01-17 20:07:43', '2024-05-18 00:30:50'),
(136, '2003-05-12 00:00:00', '2001216666', 2, '2022-01-17 20:09:07', '2024-05-18 00:31:43'),
(137, '2003-11-09 00:00:00', '2001216610', 1, '2022-01-17 20:10:02', '2024-05-18 00:32:52'),
(141, '2003-08-07 00:00:00', '2001215010', 13, '2022-01-17 20:12:13', '2024-05-18 00:33:20'),
(143, '2003-09-08 00:00:00', '2001219934', 10, '2022-01-17 20:39:23', '2024-05-18 00:37:24'),
(146, '2003-02-11 00:00:00', '2001215598', 9, '2022-01-17 20:40:17', '2024-05-18 00:38:17'),
(147, '2003-02-05 00:00:00', '2001215067', 14, '2022-01-17 20:40:53', '2024-05-18 00:39:14'),
(148, '2003-08-04 00:00:00', '2001219912', 2, '2022-01-17 20:41:32', '2024-05-18 00:39:49'),
(149, '2003-07-09 00:00:00', '2001219987', 17, '2022-01-17 20:41:58', '2024-05-18 00:40:37'),
(150, '2003-12-07 00:00:00', '2001780121', 19, '2022-01-17 20:42:35', '2024-05-18 00:41:20'),
(151, '2003-01-10 00:00:00', '2001216568', 11, '2022-01-17 20:43:03', '2024-05-18 00:42:22'),
(152, '2003-06-11 00:00:00', '2001211278', 11, '2022-01-17 20:43:29', '2024-05-18 00:43:38'),
(153, '2003-07-09 00:00:00', '2001234567', 1, '2022-01-17 20:43:59', '2024-05-18 00:44:33'),
(154, '2003-06-05 00:00:00', '2001217799', 5, '2022-01-17 20:49:23', '2024-05-18 00:45:28'),
(155, '2003-07-03 00:00:00', '2001217810', 14, '2022-01-17 20:49:56', '2024-05-18 00:47:33'),
(156, '2003-07-01 00:00:00', '2001216098', 13, '2022-01-17 20:50:29', '2024-05-18 00:48:22'),
(157, '2003-04-05 00:00:00', '2001217045', 9, '2022-01-17 20:51:00', '2024-05-18 00:49:18'),
(158, '2003-11-01 00:00:00', '2001217798', 21, '2022-01-17 20:51:33', '2024-05-18 00:50:05'),
(159, '2003-11-08 00:00:00', '2001217123', 16, '2022-01-17 20:51:56', '2024-05-18 00:51:03'),
(160, '2003-01-12 00:00:00', '2001216790', 7, '2022-01-17 20:52:25', '2024-05-18 00:58:13'),
(161, '2003-07-01 00:00:00', '2001216710', 5, '2022-01-17 20:53:01', '2024-05-18 00:54:29'),
(162, '2003-12-11 00:00:00', '2001211211', 1, '2022-01-17 20:59:02', '2024-05-18 00:55:37'),
(164, '2003-09-12 00:00:00', '2001216117', 4, '2024-05-10 23:03:07', '2024-05-19 10:25:28'),
(166, '2003-12-09 00:00:00', '2001216103', 20, '2024-05-19 10:26:10', '2024-05-24 06:48:24'),
(167, '2003-03-02 00:00:00', '2001216031', 13, '2024-05-19 10:37:17', '2024-05-19 10:54:27'),
(168, '2003-10-01 00:00:00', '2024219050', 31, '2024-05-19 10:51:41', '2024-05-19 10:53:15'),
(169, '2003-12-24 00:00:00', '2001216021', 8, '2024-06-02 07:10:15', '2024-06-02 07:10:48');

-- --------------------------------------------------------

--
-- Table structure for table `subjects`
--

DROP TABLE IF EXISTS `subjects`;
CREATE TABLE IF NOT EXISTS `subjects` (
  `id` bigint(20) UNSIGNED NOT NULL AUTO_INCREMENT,
  `name` varchar(255) COLLATE utf8mb4_unicode_ci NOT NULL,
  `code` varchar(255) COLLATE utf8mb4_unicode_ci NOT NULL,
  `semester` int(10) UNSIGNED NOT NULL,
  `created_at` timestamp NULL DEFAULT NULL,
  `updated_at` timestamp NULL DEFAULT NULL,
  PRIMARY KEY (`id`)
) ENGINE=InnoDB AUTO_INCREMENT=58 DEFAULT CHARSET=utf8mb4 COLLATE=utf8mb4_unicode_ci;

--
-- Dumping data for table `subjects`
--

INSERT INTO `subjects` (`id`, `name`, `code`, `semester`, `created_at`, `updated_at`) VALUES
(1, 'Toán Cao Cấp 1', 'TCC1', 1, '2022-01-14 19:38:41', '2022-01-14 19:38:41'),
(2, 'Toán Cao Cấp 2', 'TCC2', 2, '2022-01-14 19:38:41', '2022-01-14 19:38:41'),
(3, 'Toán Cao Cấp 3', 'TCC3', 1, '2022-01-14 19:38:41', '2022-01-14 19:38:41'),
(4, 'Cấu trúc dữ liệu & giải thuật', 'CTDL&GT', 3, '2022-01-14 19:38:41', '2022-01-14 19:38:41'),
(5, 'Tư tưởng Hồ Chí Minh', 'TTHCM', 2, '2022-01-14 19:38:41', '2022-01-14 19:38:41'),
(6, 'Mạng Máy Tính', 'MMT', 3, '2022-01-14 19:38:41', '2022-01-14 19:38:41'),
(9, 'Xác suất thống kê', 'XSTK', 4, '2022-01-14 19:38:41', '2022-01-14 19:38:41'),
(10, 'Thể chất 1', 'TC1', 2, '2022-01-14 19:38:41', '2024-05-26 03:39:56'),
(11, 'Thể chất 2', 'TC2', 3, '2022-01-14 19:38:41', '2024-05-26 03:40:02'),
(12, 'Công nghệ Java', 'CNJ', 2, '2022-01-15 22:26:20', '2022-01-16 04:31:02'),
(13, 'An toàn mạng', 'ATM', 5, '2024-05-19 11:06:52', '2024-05-19 11:06:52'),
(14, 'Lập trình hướng đối tượng', 'LTHDT', 4, '2024-05-19 11:08:47', '2024-05-19 11:08:47'),
(15, 'Giáo dục quốc phòng - an ninh 1', 'GDQP1', 1, '2024-05-26 03:22:32', '2024-05-26 03:22:32'),
(16, 'Hệ điều hành', 'HĐH', 2, '2024-05-26 03:31:38', '2024-05-26 03:31:38'),
(17, 'Kiến trúc máy tính', 'KTMT', 2, '2024-05-26 03:31:55', '2024-05-26 03:31:55'),
(18, 'Kỹ thuật lập trình', 'KTLT', 2, '2024-05-26 03:32:14', '2024-05-26 03:32:14'),
(19, 'Thực hành kỹ thuật lập trình', 'THKTLT', 2, '2024-05-26 03:33:53', '2024-05-26 03:33:53'),
(20, 'Triết học Mác-Lênin', 'THML', 2, '2024-05-26 03:34:18', '2024-05-26 03:34:18'),
(21, 'Anh văn 1', 'AV1', 2, '2024-05-26 03:34:35', '2024-05-26 03:34:35'),
(22, 'Anh văn 2', 'AV2', 2, '2024-05-26 03:34:51', '2024-05-26 03:34:51'),
(23, 'Anh văn 3', 'AV3', 3, '2024-05-26 03:35:12', '2024-05-26 03:35:12'),
(24, 'Thực hành mạng máy tính', 'THMMT', 3, '2024-05-26 03:39:42', '2024-05-26 03:39:42'),
(25, 'Đại số tuyến tính', 'ĐSTT', 2, '2024-05-26 03:40:29', '2024-05-26 03:40:29'),
(26, 'Thực hành Hệ điều hành', 'THHĐH', 2, '2024-05-26 03:40:56', '2024-05-26 03:40:56'),
(27, 'Kỹ năng giao tiếp', 'KNGT', 4, '2024-05-26 03:41:20', '2024-05-26 03:41:20'),
(28, 'Thể chất 3', 'TC3', 6, '2024-05-26 03:41:46', '2024-05-26 03:41:46'),
(29, 'Đồ họa ứng dụng', 'DHUD', 3, '2024-05-26 03:42:19', '2024-05-26 03:42:19'),
(30, 'Phương pháp nghiên cứu khoa học', 'PPNCKH', 3, '2024-05-26 03:42:39', '2024-05-26 03:42:39'),
(31, 'Mã hóa và ứng dụng', 'MH&UD', 3, '2024-05-26 03:43:15', '2024-05-26 03:43:15'),
(32, 'Thực hành Mã hóa và ứng dụng', 'THMH&UD', 3, '2024-05-26 03:43:32', '2024-05-26 03:43:32'),
(33, 'Chủ nghĩa xã hội khoa học', 'CNXHKH', 4, '2024-05-26 03:43:53', '2024-05-26 03:43:53'),
(34, 'Cơ sở dữ liệu', 'CSDL', 4, '2024-05-26 03:44:06', '2024-05-26 03:44:06'),
(35, 'Thực hành cơ sở dữ liệu', 'THCSDL', 4, '2024-05-26 03:44:19', '2024-05-26 03:44:19'),
(36, 'Giáo dục quốc phòng - an ninh 2', 'GDQP-AN2', 4, '2024-05-26 03:44:39', '2024-05-26 03:44:39'),
(37, 'Lập trình hướng đối tượng', 'LTHDT', 4, '2024-05-26 03:44:55', '2024-05-26 03:44:55'),
(38, 'Thiết kế web', 'TKW', 4, '2024-05-26 03:45:09', '2024-05-26 03:45:09'),
(39, 'Thực hành lập trình hướng đối tượng', 'THLTHDT', 4, '2024-05-26 03:45:29', '2024-05-26 03:45:29'),
(40, 'Vật lý kỹ thuật', 'VLKT', 4, '2024-05-26 03:45:45', '2024-05-26 03:45:45'),
(41, 'Hệ quản trị cơ sở dữ liệu', 'HQTCSDL', 5, '2024-05-26 03:46:02', '2024-05-26 03:46:02'),
(42, 'Thực hành hệ quản trị cơ sở dữ liệu', 'THHQTCSDL', 5, '2024-05-26 03:46:15', '2024-05-26 03:46:15'),
(43, 'Lập trình Web', 'LTW', 5, '2024-05-26 03:46:34', '2024-05-26 03:46:34'),
(44, 'Kinh tế chính trị Mác – Lênin', 'KTCTML', 5, '2024-05-26 03:46:58', '2024-05-26 03:46:58'),
(45, 'Trí tuệ nhân tạo', 'TTNT', 5, '2024-05-26 03:47:12', '2024-05-26 03:47:12'),
(46, 'Công nghệ .NET', 'CNN', 5, '2024-05-26 03:47:24', '2024-05-26 03:47:24'),
(47, 'Nhập môn Công nghệ phần mềm', 'NMCNPM', 5, '2024-05-26 06:09:12', '2024-05-26 06:09:12'),
(48, 'Thực hành Trí tuệ nhân tạo', 'THTTNT', 5, '2024-05-26 06:09:31', '2024-05-26 06:09:31'),
(49, 'Lịch sử Đảng Cộng sản Việt Nam', 'LSĐCSVN', 3, '2024-05-26 06:09:51', '2024-05-26 06:09:51'),
(50, 'Phân tích thiết kế hệ thống thông tin', 'PTTKHTTT', 6, '2024-05-26 06:10:07', '2024-05-26 06:10:07'),
(51, 'Thực hành phân tích thiết kế hệ thống thông tin', 'THPTTKHTTT', 6, '2024-05-26 06:10:21', '2024-05-26 06:10:21'),
(52, 'Lập trình mã nguồn mở', 'LTMNM', 6, '2024-05-26 06:10:36', '2024-05-26 06:10:36'),
(53, 'Ảo hóa và điện toán đám mây', 'AHVDTDM', 6, '2024-05-26 06:10:55', '2024-05-26 06:10:55'),
(54, 'Thực hành Ảo hóa và Điện toán đám mây', 'THAHVDTDM', 6, '2024-05-26 06:11:12', '2024-05-26 06:11:12'),
(55, 'Giáo dục quốc phòng - an ninh 3', 'GDQP-AN3', 4, '2024-05-26 06:11:48', '2024-05-26 06:11:48'),
(56, 'Giáo dục quốc phòng - an ninh 4', 'GDQP-AN4', 5, '2024-05-26 06:12:08', '2024-05-26 06:12:08'),
(57, 'Thực hành cấu trúc dữ liệu & giải thuật', 'THCTDL&GT', 3, '2024-05-26 06:14:07', '2024-05-26 06:14:07');

-- --------------------------------------------------------

--
-- Table structure for table `teacher_profiles`
--

DROP TABLE IF EXISTS `teacher_profiles`;
CREATE TABLE IF NOT EXISTS `teacher_profiles` (
  `id` bigint(20) UNSIGNED NOT NULL AUTO_INCREMENT,
  `created_at` timestamp NULL DEFAULT NULL,
  `updated_at` timestamp NULL DEFAULT NULL,
  PRIMARY KEY (`id`)
) ENGINE=InnoDB AUTO_INCREMENT=62 DEFAULT CHARSET=utf8mb4 COLLATE=utf8mb4_unicode_ci;

--
-- Dumping data for table `teacher_profiles`
--

INSERT INTO `teacher_profiles` (`id`, `created_at`, `updated_at`) VALUES
(1, '2022-01-14 19:38:41', '2022-01-14 19:38:41'),
(2, '2022-01-15 20:22:42', '2022-01-15 20:22:42'),
(7, '2022-01-17 19:38:04', '2022-01-17 19:38:04'),
(8, '2022-01-17 19:38:50', '2022-01-17 19:38:50'),
(9, '2022-01-17 19:39:43', '2022-01-17 19:39:43'),
(10, '2022-01-17 19:40:34', '2022-01-17 19:40:34'),
(11, '2022-01-17 19:41:12', '2022-01-17 19:41:12'),
(12, '2022-01-17 19:41:48', '2022-01-17 19:41:48'),
(13, '2022-01-17 19:42:26', '2022-01-17 19:42:26'),
(14, '2022-01-17 19:43:15', '2022-01-17 19:43:15'),
(15, '2022-01-17 19:43:45', '2022-01-17 19:43:45'),
(19, '2022-01-17 19:46:04', '2022-01-17 19:46:04'),
(23, '2022-01-17 19:48:01', '2022-01-17 19:48:01'),
(24, '2024-05-19 10:56:02', '2024-05-19 10:56:02'),
(25, '2024-05-19 10:56:43', '2024-05-19 10:56:43'),
(27, '2024-05-19 11:02:55', '2024-05-19 11:02:55'),
(28, '2024-05-19 11:05:08', '2024-05-19 11:05:08'),
(29, '2024-05-19 11:07:30', '2024-05-19 11:07:30'),
(30, '2024-05-26 03:24:08', '2024-05-26 03:24:08'),
(31, '2024-05-26 03:24:54', '2024-05-26 03:24:54'),
(32, '2024-05-26 03:25:20', '2024-05-26 03:25:20'),
(33, '2024-05-26 03:25:40', '2024-05-26 03:25:40'),
(34, '2024-05-26 03:25:59', '2024-05-26 03:25:59'),
(35, '2024-05-26 03:26:12', '2024-05-26 03:26:12'),
(37, '2024-05-26 03:27:35', '2024-05-26 03:27:35'),
(38, '2024-05-26 03:28:03', '2024-05-26 03:28:03'),
(39, '2024-05-26 03:28:19', '2024-05-26 03:28:19'),
(40, '2024-05-26 03:28:40', '2024-05-26 03:28:40'),
(41, '2024-05-26 03:29:00', '2024-05-26 03:29:00'),
(42, '2024-05-26 03:29:39', '2024-05-26 03:29:39'),
(44, '2024-05-26 03:35:34', '2024-05-26 03:35:34'),
(45, '2024-05-26 03:35:49', '2024-05-26 03:35:49'),
(46, '2024-05-26 03:37:22', '2024-05-26 03:37:22'),
(47, '2024-05-26 03:38:41', '2024-05-26 03:38:41'),
(48, '2024-05-26 03:39:05', '2024-05-26 03:39:05'),
(49, '2024-05-26 06:12:25', '2024-05-26 06:12:25'),
(50, '2024-05-26 06:13:28', '2024-05-26 06:13:28'),
(51, '2024-05-26 06:17:57', '2024-05-26 06:17:57'),
(52, '2024-05-26 06:19:01', '2024-05-26 06:19:01'),
(53, '2024-05-26 06:19:16', '2024-05-26 06:19:16'),
(54, '2024-05-26 06:22:02', '2024-05-26 06:22:02'),
(55, '2024-05-26 06:22:49', '2024-05-26 06:22:49'),
(56, '2024-05-26 06:23:48', '2024-05-26 06:23:48'),
(57, '2024-05-26 06:25:59', '2024-05-26 06:25:59'),
(58, '2024-05-26 06:26:37', '2024-05-26 06:26:37'),
(59, '2024-05-26 06:26:59', '2024-05-26 06:26:59'),
(60, '2024-05-26 06:27:44', '2024-05-26 06:27:44'),
(61, '2024-05-26 06:28:12', '2024-05-26 06:28:12');

-- --------------------------------------------------------

--
-- Table structure for table `teacher_subject`
--

DROP TABLE IF EXISTS `teacher_subject`;
CREATE TABLE IF NOT EXISTS `teacher_subject` (
  `id` bigint(20) UNSIGNED NOT NULL AUTO_INCREMENT,
  `teacher_id` bigint(20) UNSIGNED NOT NULL,
  `subject_id` bigint(20) UNSIGNED NOT NULL,
  `created_at` timestamp NULL DEFAULT NULL,
  `updated_at` timestamp NULL DEFAULT NULL,
  PRIMARY KEY (`id`),
  KEY `teacher_subject_teacher_id_foreign` (`teacher_id`),
  KEY `teacher_subject_subject_id_foreign` (`subject_id`)
) ENGINE=InnoDB AUTO_INCREMENT=206 DEFAULT CHARSET=utf8mb4 COLLATE=utf8mb4_unicode_ci;

--
-- Dumping data for table `teacher_subject`
--

INSERT INTO `teacher_subject` (`id`, `teacher_id`, `subject_id`, `created_at`, `updated_at`) VALUES
(29, 10, 9, '2024-05-26 03:30:08', '2024-05-26 03:30:08'),
(58, 2, 1, '2024-05-26 03:37:29', '2024-05-26 03:37:29'),
(59, 32, 1, '2024-05-26 03:37:29', '2024-05-26 03:37:29'),
(60, 46, 1, '2024-05-26 03:37:29', '2024-05-26 03:37:29'),
(91, 25, 31, '2024-05-26 03:43:15', '2024-05-26 03:43:15'),
(92, 25, 32, '2024-05-26 03:43:32', '2024-05-26 03:43:32'),
(94, 1, 38, '2024-05-26 03:45:09', '2024-05-26 03:45:09'),
(95, 24, 39, '2024-05-26 03:45:29', '2024-05-26 03:45:29'),
(104, 11, 2, '2024-05-26 06:12:46', '2024-05-26 06:12:46'),
(105, 12, 2, '2024-05-26 06:12:46', '2024-05-26 06:12:46'),
(106, 13, 2, '2024-05-26 06:12:46', '2024-05-26 06:12:46'),
(107, 14, 2, '2024-05-26 06:12:46', '2024-05-26 06:12:46'),
(108, 32, 2, '2024-05-26 06:12:46', '2024-05-26 06:12:46'),
(109, 46, 2, '2024-05-26 06:12:46', '2024-05-26 06:12:46'),
(110, 32, 3, '2024-05-26 06:12:51', '2024-05-26 06:12:51'),
(111, 46, 3, '2024-05-26 06:12:51', '2024-05-26 06:12:51'),
(112, 33, 4, '2024-05-26 06:12:58', '2024-05-26 06:12:58'),
(113, 34, 4, '2024-05-26 06:12:58', '2024-05-26 06:12:58'),
(115, 49, 5, '2024-05-26 06:13:35', '2024-05-26 06:13:35'),
(116, 50, 5, '2024-05-26 06:13:35', '2024-05-26 06:13:35'),
(118, 29, 6, '2024-05-26 06:14:15', '2024-05-26 06:14:15'),
(119, 39, 6, '2024-05-26 06:14:15', '2024-05-26 06:14:15'),
(120, 47, 6, '2024-05-26 06:14:15', '2024-05-26 06:14:15'),
(121, 48, 6, '2024-05-26 06:14:15', '2024-05-26 06:14:15'),
(122, 27, 10, '2024-05-26 06:14:20', '2024-05-26 06:14:20'),
(123, 28, 10, '2024-05-26 06:14:20', '2024-05-26 06:14:20'),
(124, 27, 11, '2024-05-26 06:14:27', '2024-05-26 06:14:27'),
(125, 28, 11, '2024-05-26 06:14:27', '2024-05-26 06:14:27'),
(126, 42, 11, '2024-05-26 06:14:27', '2024-05-26 06:14:27'),
(127, 25, 12, '2024-05-26 06:14:33', '2024-05-26 06:14:33'),
(128, 7, 13, '2024-05-26 06:14:42', '2024-05-26 06:14:42'),
(129, 8, 13, '2024-05-26 06:14:42', '2024-05-26 06:14:42'),
(130, 24, 14, '2024-05-26 06:14:49', '2024-05-26 06:14:49'),
(131, 30, 15, '2024-05-26 06:14:56', '2024-05-26 06:14:56'),
(132, 38, 16, '2024-05-26 06:15:06', '2024-05-26 06:15:06'),
(133, 39, 17, '2024-05-26 06:15:15', '2024-05-26 06:15:15'),
(134, 48, 17, '2024-05-26 06:15:15', '2024-05-26 06:15:15'),
(135, 33, 18, '2024-05-26 06:15:24', '2024-05-26 06:15:24'),
(136, 34, 18, '2024-05-26 06:15:24', '2024-05-26 06:15:24'),
(137, 33, 19, '2024-05-26 06:15:31', '2024-05-26 06:15:31'),
(138, 34, 19, '2024-05-26 06:15:31', '2024-05-26 06:15:31'),
(139, 41, 21, '2024-05-26 06:15:39', '2024-05-26 06:15:39'),
(140, 44, 21, '2024-05-26 06:15:39', '2024-05-26 06:15:39'),
(141, 45, 21, '2024-05-26 06:15:39', '2024-05-26 06:15:39'),
(142, 40, 20, '2024-05-26 06:15:47', '2024-05-26 06:15:47'),
(143, 41, 22, '2024-05-26 06:15:56', '2024-05-26 06:15:56'),
(144, 44, 22, '2024-05-26 06:15:56', '2024-05-26 06:15:56'),
(145, 45, 22, '2024-05-26 06:15:56', '2024-05-26 06:15:56'),
(146, 41, 23, '2024-05-26 06:16:02', '2024-05-26 06:16:02'),
(147, 44, 23, '2024-05-26 06:16:02', '2024-05-26 06:16:02'),
(148, 45, 23, '2024-05-26 06:16:02', '2024-05-26 06:16:02'),
(149, 47, 24, '2024-05-26 06:17:19', '2024-05-26 06:17:19'),
(150, 48, 24, '2024-05-26 06:17:19', '2024-05-26 06:17:19'),
(151, 46, 25, '2024-05-26 06:17:29', '2024-05-26 06:17:29'),
(152, 29, 26, '2024-05-26 06:17:36', '2024-05-26 06:17:36'),
(153, 47, 26, '2024-05-26 06:17:36', '2024-05-26 06:17:36'),
(154, 27, 28, '2024-05-26 06:17:45', '2024-05-26 06:17:45'),
(155, 28, 28, '2024-05-26 06:17:45', '2024-05-26 06:17:45'),
(156, 51, 27, '2024-05-26 06:18:09', '2024-05-26 06:18:09'),
(157, 24, 29, '2024-05-26 06:18:21', '2024-05-26 06:18:21'),
(158, 25, 29, '2024-05-26 06:18:21', '2024-05-26 06:18:21'),
(159, 52, 30, '2024-05-26 06:21:10', '2024-05-26 06:21:10'),
(165, 55, 34, '2024-05-26 06:22:58', '2024-05-26 06:22:58'),
(170, 30, 36, '2024-05-26 06:23:57', '2024-05-26 06:23:57'),
(171, 56, 36, '2024-05-26 06:23:57', '2024-05-26 06:23:57'),
(172, 55, 35, '2024-05-26 06:24:12', '2024-05-26 06:24:12'),
(173, 53, 40, '2024-05-26 06:24:21', '2024-05-26 06:24:21'),
(174, 24, 37, '2024-05-26 06:24:33', '2024-05-26 06:24:33'),
(175, 55, 41, '2024-05-26 06:25:00', '2024-05-26 06:25:00'),
(176, 55, 42, '2024-05-26 06:25:08', '2024-05-26 06:25:08'),
(177, 1, 43, '2024-05-26 06:25:18', '2024-05-26 06:25:18'),
(178, 24, 43, '2024-05-26 06:25:18', '2024-05-26 06:25:18'),
(179, 57, 44, '2024-05-26 06:26:12', '2024-05-26 06:26:12'),
(180, 58, 45, '2024-05-26 06:27:12', '2024-05-26 06:27:12'),
(181, 59, 45, '2024-05-26 06:27:12', '2024-05-26 06:27:12'),
(182, 58, 48, '2024-05-26 06:27:22', '2024-05-26 06:27:22'),
(183, 59, 48, '2024-05-26 06:27:22', '2024-05-26 06:27:22'),
(185, 61, 46, '2024-05-26 06:28:28', '2024-05-26 06:28:28'),
(186, 60, 47, '2024-05-26 06:28:37', '2024-05-26 06:28:37'),
(189, 49, 49, '2024-05-26 06:31:42', '2024-05-26 06:31:42'),
(190, 50, 49, '2024-05-26 06:31:42', '2024-05-26 06:31:42'),
(191, 55, 50, '2024-05-26 06:31:55', '2024-05-26 06:31:55'),
(192, 55, 51, '2024-05-26 06:32:02', '2024-05-26 06:32:02'),
(193, 49, 33, '2024-05-26 06:32:17', '2024-05-26 06:32:17'),
(194, 50, 33, '2024-05-26 06:32:17', '2024-05-26 06:32:17'),
(195, 54, 33, '2024-05-26 06:32:17', '2024-05-26 06:32:17'),
(196, 39, 53, '2024-05-26 06:32:25', '2024-05-26 06:32:25'),
(197, 47, 53, '2024-05-26 06:32:25', '2024-05-26 06:32:25'),
(198, 39, 54, '2024-05-26 06:32:32', '2024-05-26 06:32:32'),
(199, 47, 54, '2024-05-26 06:32:32', '2024-05-26 06:32:32'),
(200, 24, 57, '2024-05-26 06:32:39', '2024-05-26 06:32:39'),
(201, 30, 56, '2024-05-26 06:32:49', '2024-05-26 06:32:49'),
(202, 56, 56, '2024-05-26 06:32:49', '2024-05-26 06:32:49'),
(203, 30, 55, '2024-05-26 06:33:05', '2024-05-26 06:33:05'),
(204, 56, 55, '2024-05-26 06:33:05', '2024-05-26 06:33:05'),
(205, 1, 52, '2024-05-26 06:33:14', '2024-05-26 06:33:14');

-- --------------------------------------------------------

--
-- Table structure for table `users`
--

DROP TABLE IF EXISTS `users`;
CREATE TABLE IF NOT EXISTS `users` (
  `id` bigint(20) UNSIGNED NOT NULL AUTO_INCREMENT,
  `name` varchar(255) COLLATE utf8mb4_unicode_ci NOT NULL,
  `email` varchar(255) COLLATE utf8mb4_unicode_ci NOT NULL,
  `username` varchar(255) COLLATE utf8mb4_unicode_ci NOT NULL,
  `role` varchar(255) COLLATE utf8mb4_unicode_ci NOT NULL,
  `profile_id` bigint(20) UNSIGNED NOT NULL,
  `password` varchar(255) COLLATE utf8mb4_unicode_ci NOT NULL,
  `remember_token` varchar(100) COLLATE utf8mb4_unicode_ci DEFAULT NULL,
  `created_at` timestamp NULL DEFAULT NULL,
  `updated_at` timestamp NULL DEFAULT NULL,
  PRIMARY KEY (`id`),
  UNIQUE KEY `users_email_unique` (`email`),
  UNIQUE KEY `users_username_unique` (`username`)
) ENGINE=InnoDB AUTO_INCREMENT=231 DEFAULT CHARSET=utf8mb4 COLLATE=utf8mb4_unicode_ci;

--
-- Dumping data for table `users`
--

INSERT INTO `users` (`id`, `name`, `email`, `username`, `role`, `profile_id`, `password`, `remember_token`, `created_at`, `updated_at`) VALUES
(2, 'Trần Văn Hùng', 'HungTV@gmail.com', 'Van Hung', 'teacher', 1, '$2y$10$tg1UKt4YYAVvsg66A/Qr3efdGHpnRYep99SExnRmhZp.dC6qcx23e', 'SFpJ4We1eXRRC3WbBkp0ZKxFoZEcRFhfpaqsLy5kdQqNJvhVON7YYaD5cra6', '2022-01-14 19:38:41', '2024-05-19 11:06:00'),
(8, 'Huỳnh Minh Phương', 'minhphuong@gmail.com', 'Minh Phuong', 'teacher', 2, '$2y$10$5.Ao48bOKH1mXAYIBKJ38.hWbaVYgu9HzE5CUYOY2RDfiu9r5DRim', NULL, '2022-01-15 20:22:42', '2024-05-18 01:04:14'),
(13, 'Nguyễn Như Quỳnh', 'nhuquynh1102@gmail.com', '2001216097', 'student', 11, '$2y$10$zXz9bJ/r3k91muZxkI559ef6vg.G..x/VHL1aRXsSLH66.g9GR91e', NULL, '2022-01-17 18:25:11', '2024-05-24 06:50:27'),
(14, 'Nguyễn Ngọc Quân', 'nnq2203@gmail.com', '2001210779', 'student', 12, '$2y$10$XyrK3a1Jynde/Ob7cNSL/OBFAPJd2j/eZhcno8o3FjoNlSgAuCq9q', NULL, '2022-01-17 18:25:56', '2024-05-24 06:50:31'),
(15, 'Nguyễn Thị Diễm Trinh', 'trinh@gmail.com', '2023114565', 'student', 13, '$2y$10$jdFZ8OrrK55u2r.El0HRbepJO5C6ZYpj0cmX5rn3q9NNgo4b.ZNZC', NULL, '2022-01-17 18:26:41', '2024-05-12 07:42:13'),
(16, 'Trần Văn Trung', 'trung@gmail.com', '2001211256', 'student', 14, '$2y$10$bjfTkxK/cG49P950jhj6KeY26NpZZJIxGc48ascJ2kIHZmcFAIE7a', NULL, '2022-01-17 18:27:51', '2024-05-12 07:41:04'),
(18, 'Lã Thành Long', 'long@gmail.com', '2001123412', 'student', 16, '$2y$10$af/15k2Rmg7uuQWmP8jZEeozt.kkC6a6GEB2xrj.qeD6pAnIitLcC', NULL, '2022-01-17 18:28:54', '2024-05-12 07:40:30'),
(29, 'Nguyễn Bảo Anh', 'anh@gmail.com', '2031810312', 'student', 27, '$2y$10$dNbOCS57JsskbT/RUdRK1ewlS9Di0HlXxhmD7tpeXcl3p9hpFcuhG', NULL, '2022-01-17 18:38:09', '2024-05-12 07:41:46'),
(30, 'Hoàng Thái Hà', 'ha@gmail.com', '2031810452', 'student', 28, '$2y$10$o7FC5/ZSDLjXcbNqd9Pz2.Cbtsb4ro.zbSEa2xz6waAHcDvHOVGAq', NULL, '2022-01-17 18:39:04', '2024-05-12 07:43:18'),
(31, 'Hà Thị Minh Hiền', 'hien@gmail.com', '2341810521', 'student', 29, '$2y$10$4R5kKH8paOc5np239/lgaOCa/Iduwg2hEjzOMssahXdMTQM8Fsdu.', NULL, '2022-01-17 18:40:06', '2024-05-12 07:43:57'),
(32, 'Nguyễn An Ninh', 'ninh@gmail.com', '2031810256', 'student', 30, '$2y$10$v4moyWFRDPEYCfdHP9N0eu/BQZzYGSICa/xIugiy9SaRwX845uBGG', NULL, '2022-01-17 18:40:50', '2024-05-12 07:55:22'),
(37, 'Nguyễn Thanh Tâm', 'thanhtam@gmail.com', '2001216709', 'student', 35, '$2y$10$.K20LlxljxBopZCH/CWmDewDY.a1rfytG3ke60R6rKtAo5s4ZZUxS', NULL, '2022-01-17 18:42:53', '2024-05-18 00:59:41'),
(42, 'Trần Hoàng Hải', 'hoanghai@gmail.com', '2001216669', 'student', 40, '$2y$10$FBc0DFVPXUJ4B/1Pkf5Wg.064lzqeIg9dnSRTlNbN1y7WXPYsTdjq', NULL, '2022-01-17 18:45:06', '2024-05-18 00:59:58'),
(43, 'Lê Hà Vân', 'havan@gmail.com', '2001609841', 'student', 41, '$2y$10$48NXsh//I4QiNEqlGUUHK.4lKGvruIM167ie.bhkU.ZJgII74Qo7e', NULL, '2022-01-17 18:45:51', '2024-05-18 00:59:11'),
(44, 'Hoàng Nhã Vy', 'nhavy@gmail.com', '2001213454', 'student', 42, '$2y$10$3MfA9Zz7k2Z3K9WVMpgw3uKZ5bzWWucDm/4FD3IgQGblppU0csUlG', NULL, '2022-01-17 18:46:49', '2024-05-18 01:00:05'),
(49, 'Nguyễn Trần Gia Linh', 'gialinh@gmail.com', '2001214509', 'student', 47, '$2y$10$nkxAuqDs/P3zaAEjFdY3yutDw0lmyHFOBnRi7hLOTtvq8YNkgXX92', NULL, '2022-01-17 18:50:27', '2024-05-18 00:04:39'),
(50, 'Hà Quang Vinh', 'quangvinh@gmail.com', '2001216002', 'student', 48, '$2y$10$Wmyz7xLiMK3kxus/SLEZx.2n.LMsL4NG5a.QINsaT8sfx6xACrueS', NULL, '2022-01-17 18:51:10', '2024-05-18 00:05:49'),
(51, 'Phạm Đình Trung', 'dinhtrung@gmail.com', '2001216076', 'student', 49, '$2y$10$IXfLCMkkIEXrH9t6Q0gt0OqfM8sa8/XneTzj847FMuBBh7/NhgnKW', NULL, '2022-01-17 18:51:46', '2024-05-18 00:06:57'),
(52, 'Lê Thục Khánh An', 'khanhan@gmail.com', '2001215789', 'student', 50, '$2y$10$d.LxYN0KkG6TZph3dv5cQOig/B6aW2U8cGMtAPgepAJ8EjfZdI9xG', NULL, '2022-01-17 18:52:33', '2024-05-18 00:07:57'),
(53, 'Phạm Trần Thảo Linh', 'thaolinh@gmail.com', '2001216091', 'student', 51, '$2y$10$qk7vHCYcGfgyVWgzfhdS9.auZN9hNCsHe7TOFYijcN7AJRIKxnoBC', NULL, '2022-01-17 18:53:53', '2024-05-18 00:09:11'),
(62, 'Bùi Minh Triết', 'minhtriet@gmail.com', '2001211234', 'student', 60, '$2y$10$JLegUl4TZLX7nEvYi1XARefcSE3dg5ns8xprQtfIU8EBDD3J0P/AG', NULL, '2022-01-17 18:57:28', '2024-05-18 00:10:39'),
(63, 'Trần Nguyên Khôi', 'nguyenkhoi@gmail.com', '2001697989', 'student', 61, '$2y$10$Hj/C4w5g0lvCizdM2.5z5u8nQMxXDDtJq2W5CsT9RD1AY9e4RB4Lq', NULL, '2022-01-17 18:58:20', '2024-05-18 00:58:46'),
(80, 'Hoàng Quỳnh Trang', 'quynhtrang@gmail.com', '2001216578', 'student', 78, '$2y$10$AIVbuyFCBXnUe3T00sLYGe30JLB4pkDZdpPisuvp5Rho2cJNUQyKm', NULL, '2022-01-17 19:27:33', '2024-05-18 00:12:25'),
(81, 'Huỳnh Phương Anh', 'phuonganh@gmail.com', '2001215678', 'student', 79, '$2y$10$97kUOvFtwxlR0S9aDk38DezfNFRTFjTHXSC.KUWOZJW2Ia.VlXqLS', NULL, '2022-01-17 19:28:06', '2024-05-18 00:13:13'),
(88, 'Lâm Cao Kỳ', 'caoky@gmail.com', '2001216079', 'student', 86, '$2y$10$g5cIpt9uKsDhEl.TyXb80eNR7fFv2juauVgkSuBSm2N1RdmWcDUn2', NULL, '2022-01-17 19:30:47', '2024-05-18 00:14:04'),
(89, 'Lâm Hồng Gia Kỳ', 'giaky@gmail.com', '2001216012', 'student', 87, '$2y$10$OlVdZR/rfq8xxA3iReKEMOIgrhbf69fioddKPrsVXY4UVA9nXEbR.', NULL, '2022-01-17 19:31:32', '2024-05-18 00:16:46'),
(95, 'Vũ Xuân Mai', 'xuanmai@gmail.com', '2001341291', 'student', 93, '$2y$10$j2XUZemzQfKxwKe8Mff7kOwAOg3S78V0KHhio/DKAoZujOS/WDip2', NULL, '2022-01-17 19:33:55', '2024-05-18 00:58:38'),
(105, 'Nguyễn Thị Như Hoa', 'nhuhoa@gmail.com', 'Nhu Hoa', 'teacher', 7, '$2y$10$6xNGBykBtbsMeXSPORnwd.XHAWI0SEmTFd.yZlsNtc67c1r93Oy3G', NULL, '2022-01-17 19:38:04', '2024-05-18 01:03:12'),
(106, 'Hồ Văn Minh Thái', 'minhthai@gmail.com', 'Thai Ho', 'teacher', 8, '$2y$10$VDy7XdvInTSsWZ5.l1u/K.fGI4jAXEdhAKJQ0kPtFX9gnby36yaWq', NULL, '2022-01-17 19:38:50', '2024-05-18 01:04:02'),
(107, 'Nguyễn Quốc Chí', 'quocchi@gmail.com', 'Quoc chi', 'teacher', 9, '$2y$10$SlzP/oNm6idTF6iuubeAY.pgMTbFrfFmrG8k/.L46rNMBYGj7ERqe', NULL, '2022-01-17 19:39:43', '2024-05-18 01:04:31'),
(108, 'Nguyễn Tiến Đạt', 'tiendat@gmail.com', 'Tien Dat', 'teacher', 10, '$2y$10$jdKvBytsrNEhT/PHClskyu4VjG.xBUF.tISU/lat.LM0eibe1JHXS', NULL, '2022-01-17 19:40:34', '2024-05-18 01:04:54'),
(109, 'Nguyễn Ngọc Anh Hoa', 'anhhoa@gmail.com', 'Hoa Anh Nguyen', 'teacher', 11, '$2y$10$C1ywinKqlYVgWDuSkLjPPO.ulplOYpCv51ECz82QhaOb..wJMpcpa', NULL, '2022-01-17 19:41:12', '2024-05-18 01:05:14'),
(110, 'Huỳnh Yến Vy', 'yenvy@gmail.com', 'Yen  Vy', 'teacher', 12, '$2y$10$pE9laQGlq9IHLV2wsJeuxu7HDUg16Z1rgVeoQXB/K2pgsam9krAxO', NULL, '2022-01-17 19:41:48', '2024-05-18 01:06:44'),
(111, 'Dương Phúc Hưng Thịnh', 'hungthinh@gmail.com', 'Thinh Hung Phuc', 'teacher', 13, '$2y$10$roRddQze.fZGvqgyXwB8sOj6jr8FTMbJqyPc4N2HKR6bQBLfrFd.e', NULL, '2022-01-17 19:42:26', '2024-05-18 01:07:41'),
(112, 'Lê Vĩnh Ân', 'vinhan@gmail.com', 'An Vinh Le', 'teacher', 14, '$2y$10$l0i5mC5grZr3wGNKCQSqweqC03lUw9K2066JeQIODe.sxJwvhpefK', NULL, '2022-01-17 19:43:15', '2024-05-18 01:08:20'),
(113, 'Võ Ngọc Nhi', 'ngocnhi@gmail.com', 'Nhi Vo', 'teacher', 15, '$2y$10$QSYbzail2n.qbLQ8oltMZeG4NeoxXmQfrybdKrgWAnoBJW1f90ky.', NULL, '2022-01-17 19:43:45', '2024-05-18 01:09:04'),
(117, 'Trần Ngọc Minh Thư', 'ngocminhthu@gmail.com', 'Minh Thu', 'teacher', 19, '$2y$10$FLdsIZsIWM9GYfrgkfr4cufcbvtx.0lKx3.cfKvE2rWEMmVEyHTEK', NULL, '2022-01-17 19:46:04', '2024-05-18 01:10:23'),
(121, 'Lâm Thiên Phúc', 'thienphuc@gmail.com', 'Phuc Lam Thien', 'teacher', 23, '$2y$10$QIKtIhXo49nDKfYJ4hwUv.6/3d1DERmjE7OD5YEL0KyMU.dRjitdO', NULL, '2022-01-17 19:48:01', '2024-05-18 01:11:19'),
(123, 'Nguyễn Tiến Đăng', 'tiendang@gmail.com', '2001217021', 'student', 100, '$2y$10$3d.sakaBiloltFD6Q5oKVOaWKzg61KPnsDrMrEImvV1IrtD1xXh7G', NULL, '2022-01-17 19:49:10', '2024-05-18 00:18:03'),
(124, 'Nguyễn Quốc Sơn', 'quocson@gmail.com', '2001212134', 'student', 101, '$2y$10$wRJVc1s3rG63ocKrlJqTNOlJuPzJlUYb3ykF6ILOa6DFzSjFUpuna', NULL, '2022-01-17 19:49:50', '2024-05-18 00:18:51'),
(125, 'Lâm Trần Tú Oanh', 'tuoanh@gmail.com', '2001218067', 'student', 102, '$2y$10$WBEc3gsW40RBi4dr6sv6dOvgUfB/PRDc/uAhzmb3qQcFD7RWeryrm', NULL, '2022-01-17 19:51:00', '2024-05-18 00:19:42'),
(126, 'Nguyễn Hoàng Linh Đan', 'linhdan@gmail.com', '2001569011', 'student', 103, '$2y$10$/gHpiXvMyXjocOl4JKit9OvTyQObDNLq64oLVmh4Iu6Duu6Rlu9le', NULL, '2022-01-17 19:51:25', '2024-05-18 00:20:40'),
(137, 'Hồ Như Ý', 'nhuy@gmail.com', '2001213411', 'student', 114, '$2y$10$ydfoVfI3.2.NfdnrQRn.pOeh2/YmJNv4CAe9gMt6zqARQKDR./qgq', NULL, '2022-01-17 19:57:38', '2024-05-18 00:21:14'),
(138, 'Nguyễn Hà Anh', 'haanh@gmail.com', '2001217098', 'student', 115, '$2y$10$ogY2wv/BJp49n9/2b.UMn.izsvRwo6GiB7PrAyqnOPDJOLoqe8Qlm', NULL, '2022-01-17 19:58:34', '2024-05-18 00:21:53'),
(139, 'Nguyễn Nguyệt Thủy Anh', 'thuyanh@gmail.com', '2001214567', 'student', 116, '$2y$10$/x/A4AAOcIvJeB1LrmhTWemrgHgzU.aBBVo2COKftpwwwYcQZR/Dq', NULL, '2022-01-17 19:59:30', '2024-05-18 00:22:28'),
(146, 'Lê Thanh Vân Đào', 'vandao@gmail.com', '2001212190', 'student', 123, '$2y$10$dy6XIuy2MwnLOGsEIQuwNu4hIcdd1p1dpB1mMF3MrT7VIDVAyTfLy', NULL, '2022-01-17 20:01:31', '2024-05-18 00:23:18'),
(147, 'Vũ Thành Long', 'thanhlong@gmail.com', '2001216011', 'student', 124, '$2y$10$qpprRKP4oXIucCLXmQ.vv.nRktC0OMwPxDScdqnea7hOmzjlrK0Au', NULL, '2022-01-17 20:02:13', '2024-05-18 00:24:01'),
(148, 'Huỳnh Văn Thế Trung', 'thetrung@gmail.com', '2001215567', 'student', 125, '$2y$10$qlGuyetKCFbFolQKhI5XT.jug9igsyw/M3DwiiyxmLJlVAtYUZCyK', NULL, '2022-01-17 20:02:50', '2024-05-18 00:24:57'),
(150, 'Lâm Bình An', 'binhan@gmail.com', '2001214500', 'student', 127, '$2y$10$BSrwzb4haQJGoCZqdq1PM.aaw5zB.pX3KCKf8jxlzSVke65JO0uUu', NULL, '2022-01-17 20:03:40', '2024-05-18 00:26:27'),
(155, 'Nguyễn Hoàng Nhã Quỳnh', 'nhaquynh@gmail.com', '2001215610', 'student', 132, '$2y$10$ii6GdJBG2ugUexPS514jFOFtWDzReXEC59i9EUXA8e54mmqVOuFjW', NULL, '2022-01-17 20:05:09', '2024-05-18 00:28:30'),
(156, 'Trương Hà Linh Ý', 'linhy@gmail.com', '2001216723', 'student', 133, '$2y$10$bS9s7Jo4ZyVu52//N2a75eUlaLeooBUMS4RuvoTDiUnGvdzvmmUuO', NULL, '2022-01-17 20:05:53', '2024-05-18 00:29:31'),
(157, 'Nguyễn Vân Anh', 'vananh@gmail.com', '2001213499', 'student', 134, '$2y$10$X5Ult7TCvoUYZErojqVP4egRpwsUDsUKjK2YsT278Pa1NbT74R9MS', NULL, '2022-01-17 20:06:39', '2024-05-18 00:30:17'),
(158, 'Trịnh Hùng Đức', 'hungduc@gmail.com', '2001215555', 'student', 135, '$2y$10$G7D8QsOQnqRbb3M8r4ev..SbnI0ynS5INBqBxBBBh4TsvItuOw3KK', NULL, '2022-01-17 20:07:43', '2024-05-18 00:30:50'),
(159, 'Đinh Trường Minh', 'truongminh@gmail.com', '2001216666', 'student', 136, '$2y$10$Pwe/.qd1vv2UjTTvt2QmG.5658VBsOqTWQXPgPXdIVdGVkKKlKXIy', NULL, '2022-01-17 20:09:07', '2024-05-18 00:31:43'),
(160, 'Lý Gia Tuệ', 'giatue@gmail.com', '2001216610', 'student', 137, '$2y$10$z8csq6SEADSVUl7rsYkn4OMXiKmb6we4LhMqOtA3cJ2SB4w527D7u', NULL, '2022-01-17 20:10:02', '2024-05-18 00:32:52'),
(164, 'Trần Hà Vũ', 'huvu@gmail.com', '2001215010', 'student', 141, '$2y$10$OmrU6OgnQlb0MkXwr2s2WehT6DJ/OKyqCn5kX7eMkNpSlWDLsXHou', NULL, '2022-01-17 20:12:13', '2024-05-18 00:33:20'),
(166, 'Ngô Đình Uyên Thư', 'uyenthu@gmail.com', '2001219934', 'student', 143, '$2y$10$SXpsGkJyrxem5YpliK1bV.35UXPPYI0A3V6mH1XOltTmjvQ.mWO8W', NULL, '2022-01-17 20:39:23', '2024-05-18 00:37:24'),
(169, 'Lê Ái Phương', 'aiphuong@gmail.com', '2001215598', 'student', 146, '$2y$10$/n.K79PpsaKLcWj5sMHZvOKfupwMrqYXvXXA18N51fXT1GWLlhAJC', NULL, '2022-01-17 20:40:17', '2024-05-18 00:38:17'),
(170, 'Võ Đình Trung Kiên', 'trungkien@gmail.com', '2001215067', 'student', 147, '$2y$10$7KVfWr67Sk5c.e5BEfvaqOMPKMj.jUj7Okf6fVI/5l3jBg76Mj0ZC', NULL, '2022-01-17 20:40:53', '2024-05-18 00:39:14'),
(171, 'Nguyễn Hữu Quân', 'huuquan@gmail.com', '2001219912', 'student', 148, '$2y$10$vLJChmQZquD9gOkKNPs15um8ky8Nc.45rZmP/FS1WmBEEjXm3WW5e', NULL, '2022-01-17 20:41:32', '2024-05-18 00:39:49'),
(172, 'Võ Bảo Long', 'baolong@gmail.com', '2001219987', 'student', 149, '$2y$10$kBBQDrdOWdhivozdifW92OhYJFG6JCayf4gwgbizvxpHlBVR2TQSK', NULL, '2022-01-17 20:41:58', '2024-05-18 00:40:37'),
(173, 'Mai Đào Anh Thư', 'anhthu1@gmail.com', '2001780121', 'student', 150, '$2y$10$8dYWN4ZFe174ZmEFskMSL.Ql4jtRgsNPeD7y62U2gxFx0m8QJRTju', NULL, '2022-01-17 20:42:35', '2024-05-18 00:41:20'),
(174, 'Nguyễn Lâm Thái Trâm', 'thaitram@gmail.com', '2001216568', 'student', 151, '$2y$10$tS1heroG3eKE18xVmIj9qOpYMS3ol.a1nqDKdgLL7Vo8k3NIrhfqi', NULL, '2022-01-17 20:43:03', '2024-05-18 00:42:22'),
(175, 'Hoàng Thanh Nhã', 'xin@gmail.com', '2001211278', 'student', 152, '$2y$10$cbNLCupVOTNFCsGNn9FpqugzWNnPGlTfxPKwTz34mUkQzY0D2PTrG', NULL, '2022-01-17 20:43:29', '2024-05-18 00:43:38'),
(176, 'Phan Phúc Thịnh', 'phucthinh@gmail.com', '2001234567', 'student', 153, '$2y$10$hsATMnugjw8B4qol2Dbew.CuK8rUCAVP0331GNvOSu.NZYfT5iYHq', NULL, '2022-01-17 20:43:59', '2024-05-18 00:44:33'),
(177, 'Phan Toàn Minh Đức', 'minhduc@gmail.com', '2001217799', 'student', 154, '$2y$10$C01skg0z9HFUux9RfAXk1unpqJmuKl/bCFJ.zPGIOWwTU//AeIaZa', NULL, '2022-01-17 20:49:23', '2024-05-18 00:45:28'),
(178, 'Dương Thư Đình', 'thudinh@gmail.com', '2001217810', 'student', 155, '$2y$10$mBy6j9C2.sjecQV/A6q1VO4G1/ukca0.GVuuKqb7zkQyiyfHOxPnu', NULL, '2022-01-17 20:49:56', '2024-05-18 00:47:33'),
(179, 'Đặng Ngọc Diệp Vy', 'diepvy@gmail.com', '2001216098', 'student', 156, '$2y$10$9TqXwnKiz8DlsLFdBa0ho.ZO8pgdV7PelhLtgEwc5nYLKFPRPWzKu', NULL, '2022-01-17 20:50:29', '2024-05-18 00:48:22'),
(180, 'Trần Trung Thái', 'trungthai@gmail.com', '2001217045', 'student', 157, '$2y$10$b2ZhMpY4ZX.kN/91ty7KkuHvZ/lFR98YepnZgnQDCyqxKjxALyL6e', NULL, '2022-01-17 20:51:00', '2024-05-18 00:49:18'),
(181, 'Nguyễn Gia Hưng', 'giahung@gmail.com', '2001217798', 'student', 158, '$2y$10$1C3bqUVTtLPoow7kreeDO.QfXvw4uEJ0Wed33CM6fKG2dXVAvtJd6', NULL, '2022-01-17 20:51:33', '2024-05-18 00:50:05'),
(182, 'Phạm Trần Phương Nghi', 'phuongnghi@gmail.com', '2001217123', 'student', 159, '$2y$10$c00RLE9I31ptjrKWtdWe3uHYunPoc1tCg/qw494hlGhlvPkSOvRu2', NULL, '2022-01-17 20:51:56', '2024-05-18 00:51:03'),
(183, 'Nguyễn Trần  Huyền Anh', 'huyenanh@gmail.com', '2001216790', 'student', 160, '$2y$10$AfHMuvs32wZW68Tsr7gM3OoAy5nrfKqjEquUdh/d6GhKJCJogiD.2', NULL, '2022-01-17 20:52:25', '2024-05-18 00:58:13'),
(184, 'Phạm Khôi Vỹ', 'giavy@gmail.com', '2001216710', 'student', 161, '$2y$10$EwEXbvuGCpfKo4agh69JROcZEcoIGd5nb1cQKCogs3EF6Mxmy5uYy', NULL, '2022-01-17 20:53:01', '2024-05-18 00:54:29'),
(185, 'Lê Bảo Nghi', 'baonghi@gmail.com', '2001211211', 'student', 162, '$2y$10$CxV5Z6U8uYxvIR4kDk1uyuy/vpLxii/Sm.0ISGKJvi7i1VbUPhFUO', NULL, '2022-01-17 20:59:02', '2024-05-18 00:55:37'),
(187, 'Lâm Tuệ Nhiên', 'tuenhien@gmail.com', '2001216117', 'student', 164, '$2y$10$mQc3WaPvs2HvF7ZS25f6O.4DBfQjVwpxzd8WCx0MFXFzWHZNlxK92', NULL, '2024-05-10 23:03:07', '2024-05-19 10:25:28'),
(189, 'Nguyễn Hữu Sang', 'nguyenhuusang0912@gmail.com', '2001216103', 'student', 166, '$2y$10$3tiLKc9yLnW.6oYx6AsXO.gtU0h5hE8Wfo9X3hOoWFwvxitgr0Yv6', NULL, '2024-05-19 10:26:10', '2024-05-24 06:48:24'),
(190, 'Đỗ Hoàng Phi', 'ih6bmt@gmail.com', '2001216031', 'student', 167, '$2y$10$CVFOIsKHWWMbIf8diWQ5h./7FSQEuOXeJysTW9PtsB3REs4tO/Npq', NULL, '2024-05-19 10:37:17', '2024-05-19 10:37:17'),
(191, 'Lê Thị Như Quyên', 'letoquyen@gmail.com', '2024219050', 'student', 168, '$2y$10$ZiFP3iJ.7AUd7utOMmZA4.8jqdw7VJzqh2qkGC8LOhr3q2vbtNrvq', NULL, '2024-05-19 10:51:41', '2024-05-19 10:53:15'),
(192, 'Đào Minh Châu', 'daominhchau@gmail.com', 'Chau Dao Minh', 'teacher', 24, '$2y$10$vuw84EDWC9jl/zopXQUMbOTTontLjcs7Iq8I9AlATcU/Q4/BZzWPC', NULL, '2024-05-19 10:56:02', '2024-05-19 10:56:02'),
(193, 'Trần Trương Tuấn Phát', 'leoyoungphat@gmail.com', 'leoyoungphat', 'teacher', 25, '$2y$10$t.ivwkXBQ2A5pNsHpSI42ef/SZTs548FCVY2rRb230TyEp7EKbuEi', NULL, '2024-05-19 10:56:43', '2024-05-19 10:56:43'),
(195, 'Phạm Văn Kiên', 'kienphamvan@gmail.com', 'kienphamvan', 'teacher', 27, '$2y$10$XVq.0ypl8a9MMmPhqOBOi.bkthLWYbTcHR6PuWdiBXnTI0e2Ig4TW', NULL, '2024-05-19 11:02:55', '2024-05-19 11:02:55'),
(196, 'Nguyễn Xuân Hải Âu', 'haiau@gmail.com', 'haiau123', 'teacher', 28, '$2y$10$6h623X/x75VPfIcNTmLm6uYrQw02omxN9Rq.XEx5V0kGtwsyvi/tq', NULL, '2024-05-19 11:05:08', '2024-05-19 11:05:08'),
(197, 'Trần Đắc Tốt', 'tottran@gmail.com', 'sinhvientot', 'teacher', 29, '$2y$10$JsWufSnnCiBeBVTjN.qzAuJ1yzrzXlPw69b/Tp0UeuYADuJiXjMoS', NULL, '2024-05-19 11:07:30', '2024-05-19 11:07:30'),
(198, 'Nguyễn Văn Hòa', 'nvhoa@gmail.com', 'nvhoa', 'teacher', 30, '$2y$10$QdhaeS2T6uRi5bHGUAM3ZehKDcLxFX4Qjsv7B/MdRCDTohE4mfgoi', NULL, '2024-05-26 03:24:08', '2024-05-26 03:24:08'),
(199, 'Nguyễn Thị Hồng Anh', 'anhnth@gmail.com', 'anhnth', 'teacher', 31, '$2y$10$kGeH56PnGqjZ1Z9J3FY3cetosUYuQBNsXQr36awpij5HK1TP/d236', NULL, '2024-05-26 03:24:54', '2024-05-26 03:24:54'),
(200, 'Lê Hữu Kỳ Sơn', 'kyson@gmail.com', 'kyson', 'teacher', 32, '$2y$10$B1AWJF/CzfVEB1ymhcE3Ue7KF7dR4fHIjei90ar9x4T61h48/Fuke', NULL, '2024-05-26 03:25:20', '2024-05-26 03:25:20'),
(201, 'Nguyễn Quốc Khánh Như', 'khanhnhu@gmail.com', 'khanhnhu', 'teacher', 33, '$2y$10$rhdc6T5BQbRDdYwL0ScB..e41AARzmCEzBjAmdhuWRU0DowzU.6ba', NULL, '2024-05-26 03:25:40', '2024-05-26 03:25:40'),
(202, 'Vương Trọng Nhân', 'trongnhan@gmail.com', 'trongnhan', 'teacher', 34, '$2y$10$nakyvfPkpOG5OKR.vbusbO1zH5tsJUgffkaTYJyHl8TyI2mx66H4.', NULL, '2024-05-26 03:25:59', '2024-05-26 03:25:59'),
(203, 'Đinh Nguyễn Trọng Nghĩa', 'trongnghia@gmail.com', 'trongnghia', 'teacher', 35, '$2y$10$bTk.lDAwwHBKSC8juEiyeuNcPhnh4cmwB5wdWJTThaHMGLk0h1zu.', NULL, '2024-05-26 03:26:12', '2024-05-26 03:26:12'),
(205, 'Trần Như Ý', 'nhuy12@gmail.com', 'nhuy', 'teacher', 37, '$2y$10$FrgRLbmh.itKF58ODyox4eFMtbBL9MlYg/bMBEegmzBwYo6vSkq/S', NULL, '2024-05-26 03:27:35', '2024-05-26 03:27:35'),
(206, 'Tống Thanh Văn', 'thanhvan@gmail.com', 'thanhvan', 'teacher', 38, '$2y$10$mWLhKzy.dPoypMEWXMXDTO4kTN7NvkBx5Ns4XRpa/JKr2Z42msmwS', NULL, '2024-05-26 03:28:03', '2024-05-26 03:28:03'),
(207, 'Nguyễn Quốc Sử', 'sunq@gmail.com', 'sunq', 'teacher', 39, '$2y$10$lFAbFo36JUVy/0vi67lwC.sryAgPSD0nZtPcaAx4Pgf9kI.ViwmPm', NULL, '2024-05-26 03:28:19', '2024-05-26 03:28:19'),
(208, 'Huỳnh Tuấn Linh', 'tuanlinh@gmail.com', 'tuanlinh', 'teacher', 40, '$2y$10$tKHwl6azWQNDnqtCais6FOiZdWeXFRB85yNoNrrXXmPW3F0zsnf7q', NULL, '2024-05-26 03:28:40', '2024-05-26 03:28:40'),
(209, 'Lý Công Khanh', 'khanhly@gmail.com', 'khanhly', 'teacher', 41, '$2y$10$Qtmi3r/v2s6.cCW9rIC/1eS1N2/UW5mnVI2HVzICjwe7t8QBuFCaC', NULL, '2024-05-26 03:29:00', '2024-05-26 03:29:00'),
(210, 'Dương Tấn Hùng', 'hungdt@gmail.com', 'hungdt', 'teacher', 42, '$2y$10$uZTn9YxP2HstbZBvbEP1hulNHSgkRf.fYN2dT/BQS3XSGVRibm396', NULL, '2024-05-26 03:29:39', '2024-05-26 03:29:39'),
(212, 'Trần Thị Trang Loan', 'trangloan@gmail.com', 'trangloan', 'teacher', 44, '$2y$10$P56HacBn8YA2LB1aph.k8OrXC/I71Ky7lV9JFqZqykskk6PEnNKeC', NULL, '2024-05-26 03:35:34', '2024-05-26 03:35:34'),
(213, 'Tống Thị Huệ', 'hue@gmail.com', 'hue', 'teacher', 45, '$2y$10$Rsm8AaihLNufRkPJyEzCj.JTDs.OE.lZAA5C5WpxKAZy1Yq6qdMqm', NULL, '2024-05-26 03:35:49', '2024-05-26 03:35:49'),
(214, 'Võ Văn Định', 'vvdinh@gmail.com', 'vvdinh', 'teacher', 46, '$2y$10$1ING1TwGdWiSIbSKHOuYNO2WLwwOPKw2g6NqXlaN7K6c8T5J5im4G', NULL, '2024-05-26 03:37:22', '2024-05-26 03:37:22'),
(215, 'Phạm Tuấn Khiêm', 'tkhiem@gmail.com', 'tkhiem', 'teacher', 47, '$2y$10$g.NrQy0FBKNvYdho2G7SIe6i6l8izM8GxQrxF8p7ESgmWy/v.HaJq', NULL, '2024-05-26 03:38:41', '2024-05-26 03:38:41'),
(216, 'Nguyễn Khắc Điệp', 'kdiep@gmail.com', 'kdiep', 'teacher', 48, '$2y$10$sRzkq24v8nDak6Ys6.hJneq1cIEki2qACLcLNg4DlRzb6d1mQvzae', NULL, '2024-05-26 03:39:05', '2024-05-26 03:39:05'),
(217, 'Đào Duy Tùng', 'duytung@gmail.com', 'duytung', 'teacher', 49, '$2y$10$rEJ0DPEPZY78.5335nCzEOCRU2x.WA.nmPjL0ux5tIznAmzvq2/x2', NULL, '2024-05-26 06:12:25', '2024-05-26 06:12:25'),
(218, 'Hoàng Ngọc Kiên', 'hoangkien@gmail.com', 'hoangkien', 'teacher', 50, '$2y$10$Y8rURBDE0i6iazh8yta39uCWmETvHuEtxdpcPIHH3JQLfl5Xd0r26', NULL, '2024-05-26 06:13:28', '2024-05-26 06:13:28'),
(219, 'Phan Thị Cúc', 'cucphan@gmail.com', 'cucphan', 'teacher', 51, '$2y$10$1IOyIm736IdcNqkdZWo8Yu7Oo0ce8KrAdGG39R5NS95Jnwjg12Gkm', NULL, '2024-05-26 06:17:57', '2024-05-26 06:17:57'),
(220, 'Phạm Minh Nguyệt', 'phamminhnguyet@gmail.com', 'phamminhnguyet', 'teacher', 52, '$2y$10$E8kZiHznBCgpiJPXPxUrvOG0Jns2FH9zRgn8on8pFjguiIEXY14Da', NULL, '2024-05-26 06:19:01', '2024-05-26 06:19:01'),
(221, 'Lê Mai Trinh', 'maitrinh@gmail.com', 'maitrinh', 'teacher', 53, '$2y$10$ZOh4G1HhtEpWrsE8MDvtlumlpN3eUou4e2cituXO6EssmzzQiN4Ra', NULL, '2024-05-26 06:19:16', '2024-05-26 06:19:16'),
(222, 'Nguyễn Thị Cẩm Tú', 'camtus@gmail.com', 'camtus', 'teacher', 54, '$2y$10$y81VcN4bhSaTlG9Im373iesfpNsFKs.Aqu14j.P2Ari6MEVmEWwNO', NULL, '2024-05-26 06:22:02', '2024-05-26 06:22:02'),
(223, 'Hoàng Thị Liên Chi', 'lienchi@gmail.com', 'lienchi', 'teacher', 55, '$2y$10$MCHgvz1kEk.iHk8Om1eKQe8aMCDmUisTbODOsHH/BRf9n5WGj7bPS', NULL, '2024-05-26 06:22:49', '2024-05-26 06:22:49'),
(224, 'Trần Doãn Việt', 'trandoanviet@gmail.com', 'trandoanviet', 'teacher', 56, '$2y$10$SWTirfqmKuRog0MofABJsOUkzjre3nmpyc0tp4eOj6FM2WRmzxFGu', NULL, '2024-05-26 06:23:48', '2024-05-26 06:23:48'),
(225, 'Dương Văn Toàn', 'dvtoan@gmail.com', 'dvtoan', 'teacher', 57, '$2y$10$.RrvZlyD5KNDFWM69.ma9OFvoD.M/8zLh6IQHaxDSSMF0QN5z/Rra', NULL, '2024-05-26 06:25:59', '2024-05-26 06:25:59'),
(226, 'Phùng Thế Bảo', 'baophung@gmail.com', 'baophung', 'teacher', 58, '$2y$10$s27yXprrmlk054QYeobQReeYkWrERENNeDbp2GRriT9xoLDXLrrQS', NULL, '2024-05-26 06:26:37', '2024-05-26 06:26:37'),
(227, 'Trần Đình Toàn', 'toantd@gmail.com', 'toantd', 'teacher', 59, '$2y$10$cihzPKHsUh4QBqFajBPy7.S0LMHPY4luw2aRA1UBmYXztU03Y9hda', NULL, '2024-05-26 06:26:59', '2024-05-26 06:26:59'),
(228, 'Nguyễn Thị Hoài Thu', 'hoaithu@gmail.com', 'hoaithu', 'teacher', 60, '$2y$10$xPlwfWSg09OzjqHPQepO..z36mkyzOkbOr5Zaq4yOqKAj0i82tgQa', NULL, '2024-05-26 06:27:44', '2024-05-26 06:27:44'),
(229, 'Trần Thị Mỹ Lệ', 'myle@gmail.com', 'myle', 'teacher', 61, '$2y$10$XUzLkzjQaa7kNE7k3x73COSP5vIzRTpsrXMpcE6J5U2AHj2raIkV2', NULL, '2024-05-26 06:28:12', '2024-05-26 06:28:12'),
(230, 'Nguyễn Hoàng Phát', 'nguyenphat241203@gmail.com', '2001216021', 'student', 169, '$2y$10$GUybT6U49jpwYI6dDnJltuxmhtLFbjy24CHG5Bed8UUN58eyt.Bs6', NULL, '2024-06-02 07:10:15', '2024-06-02 07:10:48');

--
-- Constraints for dumped tables
--

--
-- Constraints for table `request_edit_score`
--
ALTER TABLE `request_edit_score`
  ADD CONSTRAINT `request_edit_score_score_id_foreign` FOREIGN KEY (`score_id`) REFERENCES `scores` (`id`) ON DELETE CASCADE;

--
-- Constraints for table `scores`
--
ALTER TABLE `scores`
  ADD CONSTRAINT `scores_student_id_foreign` FOREIGN KEY (`student_id`) REFERENCES `student_profiles` (`id`) ON DELETE CASCADE,
  ADD CONSTRAINT `scores_subject_id_foreign` FOREIGN KEY (`subject_id`) REFERENCES `subjects` (`id`) ON DELETE CASCADE;

--
-- Constraints for table `student_profiles`
--
ALTER TABLE `student_profiles`
  ADD CONSTRAINT `student_profiles_class_id_foreign` FOREIGN KEY (`class_id`) REFERENCES `classes` (`id`);

--
-- Constraints for table `teacher_subject`
--
ALTER TABLE `teacher_subject`
  ADD CONSTRAINT `teacher_subject_subject_id_foreign` FOREIGN KEY (`subject_id`) REFERENCES `subjects` (`id`),
  ADD CONSTRAINT `teacher_subject_teacher_id_foreign` FOREIGN KEY (`teacher_id`) REFERENCES `teacher_profiles` (`id`);
COMMIT;

/*!40101 SET CHARACTER_SET_CLIENT=@OLD_CHARACTER_SET_CLIENT */;
/*!40101 SET CHARACTER_SET_RESULTS=@OLD_CHARACTER_SET_RESULTS */;
/*!40101 SET COLLATION_CONNECTION=@OLD_COLLATION_CONNECTION */;
